<?xml version="1.0" encoding="UTF-8"?>
<AudioParam version="1.0">
  <ParamTree>
    <Param path="" param_id="0"/>
    <Param path="HM1200" param_id="1"/>
  </ParamTree>
  <ParamUnitPool>
    <ParamUnit param_id="0">
      <Param name="voip_ap_delay_ms" value="0"/>
      <Param name="voice_cp_delay_ms" value="200"/>
    </ParamUnit>
    <ParamUnit param_id="1">
      <Param name="voip_ap_delay_ms" value="100"/>
      <Param name="voice_cp_delay_ms" value="200"/>
    </ParamUnit>
  </ParamUnitPool>
</AudioParam>
