<?xml version="1.0" encoding="UTF-8"?>
<ParamUnitDesc version="1.0">
	<CategoryTypeList>
		<CategoryType name="HpImpedance">
			<Category name="Common"/>
			<Category name="MT3967"/>
			<Category name="MT6735"/>
			<Category name="MT6755"/>
			<Category name="MT6757"/>
			<Category name="MT6759"/>
			<Category name="MT6763"/>
			<Category name="MT6771"/>
			<Category name="MT6775"/>
			<Category name="MT6779"/>
			<Category name="MT6797"/>
			<Category name="MT6799"/>
			<Category name="MT8167"/>
			<Category name="ELBRUS"/>
		</CategoryType>
	</CategoryTypeList>
	<ParamUnit>
		<Param name="hp_impedance_enable" type="int"/>
		<Param name="hp_impedance_onboard_resistor" type="int"/>
		<Param name="hp_impedance_default_idx" type="int"/>
		<Param name="hp_impedance_threshold_list" type="short_array"/>
		<Param name="hp_impedance_gain_degrade_list" type="short_array"/>
	</ParamUnit>
</ParamUnitDesc>
