<?xml version="1.0" encoding="UTF-8"?>
<ParamUnitDesc version="1.1">
	<CategoryTypeList>
		<CategoryType name="Scene" feature_option="VIR_SCENE_CUSTOMIZATION_SUPPORT">
			<Category name="Default"/>
			<Category name="App1"/>
			<Category name="App2"/>
		</CategoryType>
		<CategoryType name="Application">
			<CategoryGroup name="Sound recording">
				<Category name="SndRecNormal" wording="Normal"/>
				<Category name="SndRecLecture" wording="Lecture"/>
				<Category name="SndRecMeeting" wording="Meeting"/>
			</CategoryGroup>
			<CategoryGroup name="Camera recording">
				<Category name="CamRecNormal" wording="Normal"/>
				<Category name="CamRecMeeting" wording="Meeting"/>
			</CategoryGroup>
			<Category name="ASR" wording="ASR improvement" />
			<Category name="VR" wording="Voice recognition &amp; CTS verifier" />
			<Category name="VoiceUnLk"/>
			<Category name="Customization2"/>
			<Category name="IncallRecord"/>
		</CategoryType>
		<CategoryType name="Profile" wording="Device">
			<Category name="Handset"/>
			<CategoryGroup name="Headset">
				<Category name="4-pole HS" wording="4-pole headset"/>
				<Category name="5-pole HS" wording="5-pole headset(ANC OFF)" feature_option="5_POLE_HS_SUPPORT"/>
				<Category name="5-pole HS+ANC" wording="5-pole headset(ANC ON)" feature_option="MTK_HEADSET_ACTIVE_NOISE_CANCELLATION"/>
			</CategoryGroup>
			<Category name="BT earphone" wording="Bluetooth"/>
			<Category name="USB" wording="USB" feature_option="MTK_AURISYS_FRAMEWORK_SUPPORT"/>
		</CategoryType>
	</CategoryTypeList>
	<ParamUnit>
		<Param name="sph_in_fir1" type="short_array"/>
		<Param name="sph_in_fir1_eq_mag" type="double_array"/>
		<Param name="sph_in_fir1_eq_freq" type="double_array"/>
		<Param name="sph_in_fir2" type="short_array"/>
		<Param name="sph_in_fir2_eq_mag" type="double_array"/>
		<Param name="sph_in_fir2_eq_freq" type="double_array"/>
		<Param name="sph_in_parameter" type="double_array"/>
	</ParamUnit>
</ParamUnitDesc>
