<?xml version="1.0" encoding="UTF-8"?>
<AudioParam version="1.1">
  <ParamTree>
    <Param path="" param_id="5"/>
    <Param path="VR" param_id="0"/>
    <Param path="FastRecord" param_id="9"/>
    <Param path="Unprocessed" param_id="10"/>
    <Param path="VoiceUnLk" param_id="5"/>
    <Param path="BT earphone" param_id="5"/>
    <Param path="USB" param_id="10"/>
    <Param path="IncallRecord" param_id="12"/>
    <Param path="Customization2,Handset" param_id="7"/>
    <Param path="Customization2,3-pole HS" param_id="8"/>
    <Param path="Customization2,4-pole HS" param_id="8"/>
    <Param path="Customization2,5-pole HS" param_id="8"/>
    <Param path="Customization2,5-pole HS+ANC" param_id="8"/>
    <Param path="ASR,Handset" param_id="6"/>
    <Param path="ASR,3-pole HS" param_id="5"/>
    <Param path="ASR,4-pole HS" param_id="5"/>
    <Param path="ASR,5-pole HS" param_id="5"/>
    <Param path="ASR,5-pole HS+ANC" param_id="5"/>
    <Param path="SndRecNormal,Handset" param_id="1"/>
    <Param path="SndRecNormal,3-pole HS" param_id="2"/>
    <Param path="SndRecNormal,4-pole HS" param_id="2"/>
    <Param path="SndRecNormal,5-pole HS" param_id="2"/>
    <Param path="SndRecNormal,5-pole HS+ANC" param_id="2"/>
    <Param path="SndRecLecture,Handset" param_id="4"/>
    <Param path="SndRecLecture,3-pole HS" param_id="4"/>
    <Param path="SndRecLecture,4-pole HS" param_id="4"/>
    <Param path="SndRecLecture,5-pole HS" param_id="4"/>
    <Param path="SndRecLecture,5-pole HS+ANC" param_id="4"/>
    <Param path="SndRecMeeting,Handset" param_id="3"/>
    <Param path="SndRecMeeting,3-pole HS" param_id="3"/>
    <Param path="SndRecMeeting,4-pole HS" param_id="3"/>
    <Param path="SndRecMeeting,5-pole HS" param_id="3"/>
    <Param path="SndRecMeeting,5-pole HS+ANC" param_id="3"/>
    <Param path="CamRecNormal,Handset" param_id="1"/>
    <Param path="CamRecNormal,3-pole HS" param_id="2"/>
    <Param path="CamRecNormal,4-pole HS" param_id="2"/>
    <Param path="CamRecNormal,5-pole HS" param_id="2"/>
    <Param path="CamRecNormal,5-pole HS+ANC" param_id="2"/>
    <Param path="CamRecMeeting,Handset" param_id="3"/>
    <Param path="CamRecMeeting,3-pole HS" param_id="3"/>
    <Param path="CamRecMeeting,4-pole HS" param_id="3"/>
    <Param path="CamRecMeeting,5-pole HS" param_id="3"/>
    <Param path="CamRecMeeting,5-pole HS+ANC" param_id="3"/>
    <Param path="VoicePerformance,Handset" param_id="1"/>
    <Param path="VoicePerformance,3-pole HS" param_id="2"/>
    <Param path="VoicePerformance,4-pole HS" param_id="2"/>
    <Param path="VoicePerformance,5-pole HS" param_id="2"/>
    <Param path="VoicePerformance,5-pole HS+ANC" param_id="2"/>
    <Param path="VR,USB" param_id="11"/>
    <Param path="FastRecord,USB" param_id="10"/>
    <Param path="Unprocessed,USB" param_id="10"/>
    <Param path="Default,SndRecNormal,USB" param_id="13"/>
    <Param path="Default,CamRecNormal,USB" param_id="14"/>
    <Param path="Default,VR,USB" param_id="15"/>
  </ParamTree>
  <ParamUnitPool>
    <ParamUnit param_id="0">
      <Param name="record_mode_para" value="0x0,0x1DF,0x4004,0x901C,0x1104,0x2000,0x300,0x4,0x8F10,0xC5,0x263,0x0,0x0,0x0,0x0,0x2000,0x0,0x0,0x0,0x0,0x0,0x0,0x0,0x0,0x0,0x0,0x0,0x0,0x0,0x0,0x0,0x0,0x0,0x0,0x0,0x0,0x0,0x0,0x0,0x0,0x0,0x0,0x0,0x0,0x0,0x0,0x0,0x0"/>
      <Param name="sph_in_iir_mic1_dsp" value="0xE342,0x3CA1,0x1DDC,0xC448,0x1DDC,0xE0E8,0x3F04,0x2000,0xC001,0x2000,0x0,0x0,0x0,0x0,0x2000,0x0,0x0,0x0,0x0,0x2000"/>
      <Param name="sph_in_iir_mic1_eq_freq" value="100.000000,800.000000,1600.000000,2400.000000,3200.000000,4000.000000"/>
      <Param name="sph_in_iir_mic1_eq_mag" value="1.000000,2.000000,3.000000,4.000000,5.000000,6.000000"/>
      <Param name="sph_in_iir_mic2_dsp" value="0xE0B7,0x3F42,0x1ECC,0xC268,0x1ECC,0xE1B2,0x3E47,0x2000,0xC000,0x2000,0x0,0x0,0x0,0x0,0x2000,0x0,0x0,0x0,0x0,0x2000"/>
      <Param name="sph_in_iir_mic2_eq_freq" value="100.000000,800.000000,1600.000000,2400.000000,3200.000000,4000.000000"/>
      <Param name="sph_in_iir_mic2_eq_mag" value="1.000000,2.000000,3.000000,4.000000,5.000000,6.000000"/>
      <Param name="sph_in_iir_mic1_enh_dsp" value="0xC7D8,0x7721,0x3828,0x88DF,0xC7D8,0x7721,0x3828,0x88DF,0x0,0x0,0x0,0x0,0x0,0x0,0x0,0x0,0x0,0x0,0x0,0x0,0x0,0x0,0x0,0x0,0x0,0x0,0x0,0x0,0x0,0x0,0x0,0x0,0x0,0x0,0x0,0x0,0x0,0x0,0x0,0x0,0x400,0x2"/>
      <Param name="sph_in_iir_mic1_enh_eq_freq" value="100.000000,800.000000,1600.000000,2400.000000,3200.000000,4000.000000"/>
      <Param name="sph_in_iir_mic1_enh_eq_mag" value="1.000000,2.000000,3.000000,4.000000,5.000000,6.000000"/>
      <Param name="sph_in_iir_mic2_enh_dsp" value="0xC7D8,0x7721,0x3828,0x88DF,0xC7D8,0x7721,0x3828,0x88DF,0x0,0x0,0x0,0x0,0x0,0x0,0x0,0x0,0x0,0x0,0x0,0x0,0x0,0x0,0x0,0x0,0x0,0x0,0x0,0x0,0x0,0x0,0x0,0x0,0x0,0x0,0x0,0x0,0x0,0x0,0x0,0x0,0x400,0x2"/>
      <Param name="sph_in_iir_mic2_enh_eq_freq" value="100.000000,800.000000,1600.000000,2400.000000,3200.000000,4000.000000"/>
      <Param name="sph_in_iir_mic2_enh_eq_mag" value="1.000000,2.000000,3.000000,4.000000,5.000000,6.000000"/>
      <Param name="sph_in_parameter" value="0.000000,0.000000,0.000000,0.000000"/>
    </ParamUnit>
    <ParamUnit param_id="1">
      <Param name="record_mode_para" value="0x0,0x1DF,0x4004,0x901C,0x9307,0x2000,0x380,0x4,0x8F10,0xC5,0x263,0x0,0x0,0x0,0x0,0x2000,0x0,0x0,0x0,0x0,0x0,0x0,0x0,0x0,0x0,0x0,0x0,0x0,0x0,0x0,0x0,0x0,0x0,0x0,0x0,0x0,0x0,0x0,0x0,0x0,0x0,0x0,0x0,0x0,0x0,0x0,0x0,0x0"/>
      <Param name="sph_in_iir_mic1_dsp" value="0xE342,0x3CA1,0x1DDC,0xC448,0x1DDC,0xE0E8,0x3F04,0x2000,0xC001,0x2000,0x0,0x0,0x0,0x0,0x2000,0x0,0x0,0x0,0x0,0x2000"/>
      <Param name="sph_in_iir_mic1_eq_freq" value="100.000000,800.000000,1600.000000,2400.000000,3200.000000,4000.000000"/>
      <Param name="sph_in_iir_mic1_eq_mag" value="1.000000,2.000000,3.000000,4.000000,5.000000,6.000000"/>
      <Param name="sph_in_iir_mic2_dsp" value="0xE0B7,0x3F42,0x1ECC,0xC268,0x1ECC,0xE1B2,0x3E47,0x2000,0xC000,0x2000,0x0,0x0,0x0,0x0,0x2000,0x0,0x0,0x0,0x0,0x2000"/>
      <Param name="sph_in_iir_mic2_eq_freq" value="100.000000,800.000000,1600.000000,2400.000000,3200.000000,4000.000000"/>
      <Param name="sph_in_iir_mic2_eq_mag" value="1.000000,2.000000,3.000000,4.000000,5.000000,6.000000"/>
      <Param name="sph_in_iir_mic1_enh_dsp" value="0xC7D8,0x7721,0x3828,0x88DF,0xC7D8,0x7721,0x3828,0x88DF,0x0,0x0,0x0,0x0,0x0,0x0,0x0,0x0,0x0,0x0,0x0,0x0,0x0,0x0,0x0,0x0,0x0,0x0,0x0,0x0,0x0,0x0,0x0,0x0,0x0,0x0,0x0,0x0,0x0,0x0,0x0,0x0,0x400,0x2"/>
      <Param name="sph_in_iir_mic1_enh_eq_freq" value="100.000000,800.000000,1600.000000,2400.000000,3200.000000,4000.000000"/>
      <Param name="sph_in_iir_mic1_enh_eq_mag" value="1.000000,2.000000,3.000000,4.000000,5.000000,6.000000"/>
      <Param name="sph_in_iir_mic2_enh_dsp" value="0xC7D8,0x7721,0x3828,0x88DF,0xC7D8,0x7721,0x3828,0x88DF,0x0,0x0,0x0,0x0,0x0,0x0,0x0,0x0,0x0,0x0,0x0,0x0,0x0,0x0,0x0,0x0,0x0,0x0,0x0,0x0,0x0,0x0,0x0,0x0,0x0,0x0,0x0,0x0,0x0,0x0,0x0,0x0,0x400,0x2"/>
      <Param name="sph_in_iir_mic2_enh_eq_freq" value="100.000000,800.000000,1600.000000,2400.000000,3200.000000,4000.000000"/>
      <Param name="sph_in_iir_mic2_enh_eq_mag" value="1.000000,2.000000,3.000000,4.000000,5.000000,6.000000"/>
      <Param name="sph_in_parameter" value="0.000000,0.000000,0.000000,0.000000"/>
    </ParamUnit>
    <ParamUnit param_id="2">
      <Param name="record_mode_para" value="0x0,0x1DF,0x4004,0x901C,0x9307,0x2000,0x480,0x4,0x8F10,0xC5,0x263,0x0,0x0,0x0,0x0,0x2000,0x0,0x0,0x0,0x0,0x0,0x0,0x0,0x0,0x0,0x0,0x0,0x0,0x0,0x0,0x0,0x0,0x0,0x0,0x0,0x0,0x0,0x0,0x0,0x0,0x0,0x0,0x0,0x0,0x0,0x0,0x0,0x0"/>
      <Param name="sph_in_iir_mic1_dsp" value="0xE342,0x3CA1,0x1DDC,0xC448,0x1DDC,0xE0E8,0x3F04,0x2000,0xC001,0x2000,0x0,0x0,0x0,0x0,0x2000,0x0,0x0,0x0,0x0,0x2000"/>
      <Param name="sph_in_iir_mic1_eq_freq" value="100.000000,800.000000,1600.000000,2400.000000,3200.000000,4000.000000"/>
      <Param name="sph_in_iir_mic1_eq_mag" value="1.000000,2.000000,3.000000,4.000000,5.000000,6.000000"/>
      <Param name="sph_in_iir_mic2_dsp" value="0xE0B7,0x3F42,0x1ECC,0xC268,0x1ECC,0xE1B2,0x3E47,0x2000,0xC000,0x2000,0x0,0x0,0x0,0x0,0x2000,0x0,0x0,0x0,0x0,0x2000"/>
      <Param name="sph_in_iir_mic2_eq_freq" value="100.000000,800.000000,1600.000000,2400.000000,3200.000000,4000.000000"/>
      <Param name="sph_in_iir_mic2_eq_mag" value="1.000000,2.000000,3.000000,4.000000,5.000000,6.000000"/>
      <Param name="sph_in_iir_mic1_enh_dsp" value="0xC7D8,0x7721,0x3828,0x88DF,0xC7D8,0x7721,0x3828,0x88DF,0x0,0x0,0x0,0x0,0x0,0x0,0x0,0x0,0x0,0x0,0x0,0x0,0x0,0x0,0x0,0x0,0x0,0x0,0x0,0x0,0x0,0x0,0x0,0x0,0x0,0x0,0x0,0x0,0x0,0x0,0x0,0x0,0x400,0x2"/>
      <Param name="sph_in_iir_mic1_enh_eq_freq" value="100.000000,800.000000,1600.000000,2400.000000,3200.000000,4000.000000"/>
      <Param name="sph_in_iir_mic1_enh_eq_mag" value="1.000000,2.000000,3.000000,4.000000,5.000000,6.000000"/>
      <Param name="sph_in_iir_mic2_enh_dsp" value="0xC7D8,0x7721,0x3828,0x88DF,0xC7D8,0x7721,0x3828,0x88DF,0x0,0x0,0x0,0x0,0x0,0x0,0x0,0x0,0x0,0x0,0x0,0x0,0x0,0x0,0x0,0x0,0x0,0x0,0x0,0x0,0x0,0x0,0x0,0x0,0x0,0x0,0x0,0x0,0x0,0x0,0x0,0x0,0x400,0x2"/>
      <Param name="sph_in_iir_mic2_enh_eq_freq" value="100.000000,800.000000,1600.000000,2400.000000,3200.000000,4000.000000"/>
      <Param name="sph_in_iir_mic2_enh_eq_mag" value="1.000000,2.000000,3.000000,4.000000,5.000000,6.000000"/>
      <Param name="sph_in_parameter" value="0.000000,0.000000,0.000000,0.000000"/>
    </ParamUnit>
    <ParamUnit param_id="3">
      <Param name="record_mode_para" value="0x0,0x1DF,0x4004,0x901C,0x9107,0x2000,0x480,0x4,0x8ED0,0xC5,0x263,0x0,0x0,0x0,0x0,0x2000,0x0,0x0,0x0,0x0,0x0,0x0,0x0,0x0,0x0,0x0,0x0,0x0,0x0,0x0,0x0,0x0,0x0,0x0,0x0,0x0,0x0,0x0,0x0,0x0,0x0,0x0,0x0,0x0,0x0,0x0,0x0,0x0"/>
      <Param name="sph_in_iir_mic1_dsp" value="0xE342,0x3CA1,0x1DDC,0xC448,0x1DDC,0xE0E8,0x3F04,0x2000,0xC001,0x2000,0x0,0x0,0x0,0x0,0x2000,0x0,0x0,0x0,0x0,0x2000"/>
      <Param name="sph_in_iir_mic1_eq_freq" value="100.000000,800.000000,1600.000000,2400.000000,3200.000000,4000.000000"/>
      <Param name="sph_in_iir_mic1_eq_mag" value="1.000000,2.000000,3.000000,4.000000,5.000000,6.000000"/>
      <Param name="sph_in_iir_mic2_dsp" value="0xE0B7,0x3F42,0x1ECC,0xC268,0x1ECC,0xE1B2,0x3E47,0x2000,0xC000,0x2000,0x0,0x0,0x0,0x0,0x2000,0x0,0x0,0x0,0x0,0x2000"/>
      <Param name="sph_in_iir_mic2_eq_freq" value="100.000000,800.000000,1600.000000,2400.000000,3200.000000,4000.000000"/>
      <Param name="sph_in_iir_mic2_eq_mag" value="1.000000,2.000000,3.000000,4.000000,5.000000,6.000000"/>
      <Param name="sph_in_iir_mic1_enh_dsp" value="0xC7D8,0x7721,0x3828,0x88DF,0xC7D8,0x7721,0x3828,0x88DF,0x0,0x0,0x0,0x0,0x0,0x0,0x0,0x0,0x0,0x0,0x0,0x0,0x0,0x0,0x0,0x0,0x0,0x0,0x0,0x0,0x0,0x0,0x0,0x0,0x0,0x0,0x0,0x0,0x0,0x0,0x0,0x0,0x400,0x2"/>
      <Param name="sph_in_iir_mic1_enh_eq_freq" value="100.000000,800.000000,1600.000000,2400.000000,3200.000000,4000.000000"/>
      <Param name="sph_in_iir_mic1_enh_eq_mag" value="1.000000,2.000000,3.000000,4.000000,5.000000,6.000000"/>
      <Param name="sph_in_iir_mic2_enh_dsp" value="0xC7D8,0x7721,0x3828,0x88DF,0xC7D8,0x7721,0x3828,0x88DF,0x0,0x0,0x0,0x0,0x0,0x0,0x0,0x0,0x0,0x0,0x0,0x0,0x0,0x0,0x0,0x0,0x0,0x0,0x0,0x0,0x0,0x0,0x0,0x0,0x0,0x0,0x0,0x0,0x0,0x0,0x0,0x0,0x400,0x2"/>
      <Param name="sph_in_iir_mic2_enh_eq_freq" value="100.000000,800.000000,1600.000000,2400.000000,3200.000000,4000.000000"/>
      <Param name="sph_in_iir_mic2_enh_eq_mag" value="1.000000,2.000000,3.000000,4.000000,5.000000,6.000000"/>
      <Param name="sph_in_parameter" value="0.000000,0.000000,0.000000,0.000000"/>
    </ParamUnit>
    <ParamUnit param_id="4">
      <Param name="record_mode_para" value="0x0,0x1DF,0x4004,0x901C,0x9107,0x2000,0x680,0xC,0x8F50,0xC5,0x263,0x0,0x0,0x0,0x0,0x2000,0x0,0x0,0x0,0x0,0x0,0x0,0x0,0x0,0x0,0x0,0x0,0x0,0x0,0x0,0x0,0x0,0x0,0x0,0x0,0x0,0x0,0x0,0x0,0x0,0x0,0x0,0x0,0x0,0x0,0x0,0x0,0x0"/>
      <Param name="sph_in_iir_mic1_dsp" value="0xE342,0x3CA1,0x1DDC,0xC448,0x1DDC,0xE0E8,0x3F04,0x2000,0xC001,0x2000,0x0,0x0,0x0,0x0,0x2000,0x0,0x0,0x0,0x0,0x2000"/>
      <Param name="sph_in_iir_mic1_eq_freq" value="100.000000,800.000000,1600.000000,2400.000000,3200.000000,4000.000000"/>
      <Param name="sph_in_iir_mic1_eq_mag" value="1.000000,2.000000,3.000000,4.000000,5.000000,6.000000"/>
      <Param name="sph_in_iir_mic2_dsp" value="0xE0B7,0x3F42,0x1ECC,0xC268,0x1ECC,0xE1B2,0x3E47,0x2000,0xC000,0x2000,0x0,0x0,0x0,0x0,0x2000,0x0,0x0,0x0,0x0,0x2000"/>
      <Param name="sph_in_iir_mic2_eq_freq" value="100.000000,800.000000,1600.000000,2400.000000,3200.000000,4000.000000"/>
      <Param name="sph_in_iir_mic2_eq_mag" value="1.000000,2.000000,3.000000,4.000000,5.000000,6.000000"/>
      <Param name="sph_in_iir_mic1_enh_dsp" value="0xC7D8,0x7721,0x3828,0x88DF,0xC7D8,0x7721,0x3828,0x88DF,0x0,0x0,0x0,0x0,0x0,0x0,0x0,0x0,0x0,0x0,0x0,0x0,0x0,0x0,0x0,0x0,0x0,0x0,0x0,0x0,0x0,0x0,0x0,0x0,0x0,0x0,0x0,0x0,0x0,0x0,0x0,0x0,0x400,0x2"/>
      <Param name="sph_in_iir_mic1_enh_eq_freq" value="100.000000,800.000000,1600.000000,2400.000000,3200.000000,4000.000000"/>
      <Param name="sph_in_iir_mic1_enh_eq_mag" value="1.000000,2.000000,3.000000,4.000000,5.000000,6.000000"/>
      <Param name="sph_in_iir_mic2_enh_dsp" value="0xC7D8,0x7721,0x3828,0x88DF,0xC7D8,0x7721,0x3828,0x88DF,0x0,0x0,0x0,0x0,0x0,0x0,0x0,0x0,0x0,0x0,0x0,0x0,0x0,0x0,0x0,0x0,0x0,0x0,0x0,0x0,0x0,0x0,0x0,0x0,0x0,0x0,0x0,0x0,0x0,0x0,0x0,0x0,0x400,0x2"/>
      <Param name="sph_in_iir_mic2_enh_eq_freq" value="100.000000,800.000000,1600.000000,2400.000000,3200.000000,4000.000000"/>
      <Param name="sph_in_iir_mic2_enh_eq_mag" value="1.000000,2.000000,3.000000,4.000000,5.000000,6.000000"/>
      <Param name="sph_in_parameter" value="0.000000,0.000000,0.000000,0.000000"/>
    </ParamUnit>
    <ParamUnit param_id="5">
      <Param name="record_mode_para" value="0x0,0x1DF,0x4004,0x101C,0x9104,0x2000,0x300,0x0,0xFD0,0xC5,0x263,0x0,0x0,0x0,0x0,0x2000,0x0,0x0,0x0,0x0,0x0,0x0,0x0,0x0,0x0,0x0,0x0,0x0,0x0,0x0,0x0,0x0,0x0,0x0,0x0,0x0,0x0,0x0,0x0,0x0,0x0,0x0,0x0,0x0,0x0,0x0,0x0,0x0"/>
      <Param name="sph_in_iir_mic1_dsp" value="0xE342,0x3CA1,0x1DDC,0xC448,0x1DDC,0xE0E8,0x3F04,0x2000,0xC001,0x2000,0x0,0x0,0x0,0x0,0x2000,0x0,0x0,0x0,0x0,0x2000"/>
      <Param name="sph_in_iir_mic1_eq_freq" value="100.000000,800.000000,1600.000000,2400.000000,3200.000000,4000.000000"/>
      <Param name="sph_in_iir_mic1_eq_mag" value="1.000000,2.000000,3.000000,4.000000,5.000000,6.000000"/>
      <Param name="sph_in_iir_mic2_dsp" value="0xE0B7,0x3F42,0x1ECC,0xC268,0x1ECC,0xE1B2,0x3E47,0x2000,0xC000,0x2000,0x0,0x0,0x0,0x0,0x2000,0x0,0x0,0x0,0x0,0x2000"/>
      <Param name="sph_in_iir_mic2_eq_freq" value="100.000000,800.000000,1600.000000,2400.000000,3200.000000,4000.000000"/>
      <Param name="sph_in_iir_mic2_eq_mag" value="1.000000,2.000000,3.000000,4.000000,5.000000,6.000000"/>
      <Param name="sph_in_iir_mic1_enh_dsp" value="0x7A90,0xC524,0x8001,0x4000,0x7F54,0xC090,0x800A,0x4000,0x0,0x0,0x0,0x0,0x0,0x0,0x0,0x0,0x0,0x0,0x0,0x0,0x0,0x0,0x0,0x0,0x0,0x0,0x0,0x0,0x0,0x0,0x0,0x0,0x0,0x0,0x0,0x0,0x0,0x0,0x0,0x0,0x3BB,0x2"/>
      <Param name="sph_in_iir_mic1_enh_eq_freq" value="100.000000,800.000000,1600.000000,2400.000000,3200.000000,4000.000000"/>
      <Param name="sph_in_iir_mic1_enh_eq_mag" value="1.000000,2.000000,3.000000,4.000000,5.000000,6.000000"/>
      <Param name="sph_in_iir_mic2_enh_dsp" value="0x7A90,0xC524,0x8001,0x4000,0x7F54,0xC090,0x800A,0x4000,0x0,0x0,0x0,0x0,0x0,0x0,0x0,0x0,0x0,0x0,0x0,0x0,0x0,0x0,0x0,0x0,0x0,0x0,0x0,0x0,0x0,0x0,0x0,0x0,0x0,0x0,0x0,0x0,0x0,0x0,0x0,0x0,0x3BB,0x2"/>
      <Param name="sph_in_iir_mic2_enh_eq_freq" value="100.000000,800.000000,1600.000000,2400.000000,3200.000000,4000.000000"/>
      <Param name="sph_in_iir_mic2_enh_eq_mag" value="1.000000,2.000000,3.000000,4.000000,5.000000,6.000000"/>
      <Param name="sph_in_parameter" value="0.000000,0.000000,0.000000,0.000000"/>
    </ParamUnit>
    <ParamUnit param_id="6">
      <Param name="record_mode_para" value="0x0,0xC0,0x7F00,0x101C,0x9104,0x2000,0x300,0x0,0xFD0,0xC5,0x263,0x0,0x7F08,0x0,0x0,0x2000,0x0,0x0,0x0,0x0,0x0,0x0,0x0,0x0,0x0,0x0,0x0,0x0,0x0,0x0,0x0,0x0,0x0,0x0,0x0,0x0,0x0,0x0,0x0,0x0,0x0,0x0,0x0,0x0,0x0,0x0,0x0,0x0"/>
      <Param name="sph_in_iir_mic1_dsp" value="0xE342,0x3CA1,0x1DDC,0xC448,0x1DDC,0xE0E8,0x3F04,0x2000,0xC001,0x2000,0x0,0x0,0x0,0x0,0x2000,0x0,0x0,0x0,0x0,0x2000"/>
      <Param name="sph_in_iir_mic1_eq_freq" value="100.000000,800.000000,1600.000000,2400.000000,3200.000000,4000.000000"/>
      <Param name="sph_in_iir_mic1_eq_mag" value="1.000000,2.000000,3.000000,4.000000,5.000000,6.000000"/>
      <Param name="sph_in_iir_mic2_dsp" value="0xE0B7,0x3F42,0x1ECC,0xC268,0x1ECC,0xE1B2,0x3E47,0x2000,0xC000,0x2000,0x0,0x0,0x0,0x0,0x2000,0x0,0x0,0x0,0x0,0x2000"/>
      <Param name="sph_in_iir_mic2_eq_freq" value="100.000000,800.000000,1600.000000,2400.000000,3200.000000,4000.000000"/>
      <Param name="sph_in_iir_mic2_eq_mag" value="1.000000,2.000000,3.000000,4.000000,5.000000,6.000000"/>
      <Param name="sph_in_iir_mic1_enh_dsp" value="0x7A90,0xC524,0x8001,0x4000,0x7F54,0xC090,0x800A,0x4000,0x0,0x0,0x0,0x0,0x0,0x0,0x0,0x0,0x0,0x0,0x0,0x0,0x0,0x0,0x0,0x0,0x0,0x0,0x0,0x0,0x0,0x0,0x0,0x0,0x0,0x0,0x0,0x0,0x0,0x0,0x0,0x0,0x3BB,0x2"/>
      <Param name="sph_in_iir_mic1_enh_eq_freq" value="100.000000,800.000000,1600.000000,2400.000000,3200.000000,4000.000000"/>
      <Param name="sph_in_iir_mic1_enh_eq_mag" value="1.000000,2.000000,3.000000,4.000000,5.000000,6.000000"/>
      <Param name="sph_in_iir_mic2_enh_dsp" value="0x7A90,0xC524,0x8001,0x4000,0x7F54,0xC090,0x800A,0x4000,0x0,0x0,0x0,0x0,0x0,0x0,0x0,0x0,0x0,0x0,0x0,0x0,0x0,0x0,0x0,0x0,0x0,0x0,0x0,0x0,0x0,0x0,0x0,0x0,0x0,0x0,0x0,0x0,0x0,0x0,0x0,0x0,0x3BB,0x2"/>
      <Param name="sph_in_iir_mic2_enh_eq_freq" value="100.000000,800.000000,1600.000000,2400.000000,3200.000000,4000.000000"/>
      <Param name="sph_in_iir_mic2_enh_eq_mag" value="1.000000,2.000000,3.000000,4.000000,5.000000,6.000000"/>
      <Param name="sph_in_parameter" value="0.000000,0.000000,0.000000,0.000000"/>
    </ParamUnit>
    <ParamUnit param_id="7">
      <Param name="record_mode_para" value="0x86A0,0xC2,0x7F00,0x1C,0xA000,0x1C,0x0,0xA,0x1D4,0xC5,0x263,0x0,0x7F08,0x0,0x0,0x600,0x0,0x0,0x0,0x0,0x0,0x0,0x0,0x0,0x0,0x0,0x0,0x0,0x0,0x0,0x0,0x0,0x0,0x0,0x0,0x0,0x0,0x0,0x0,0x0,0x0,0x0,0x0,0x0,0x0,0x0,0x0,0x6"/>
      <Param name="sph_in_iir_mic1_dsp" value="0xE342,0x3CA1,0x1DDC,0xC448,0x1DDC,0xE0E8,0x3F04,0x2000,0xC001,0x2000,0x0,0x0,0x0,0x0,0x2000,0x0,0x0,0x0,0x0,0x2000"/>
      <Param name="sph_in_iir_mic1_eq_freq" value="100.000000,800.000000,1600.000000,2400.000000,3200.000000,4000.000000"/>
      <Param name="sph_in_iir_mic1_eq_mag" value="1.000000,2.000000,3.000000,4.000000,5.000000,6.000000"/>
      <Param name="sph_in_iir_mic2_dsp" value="0xE0B7,0x3F42,0x1ECC,0xC268,0x1ECC,0xE1B2,0x3E47,0x2000,0xC000,0x2000,0x0,0x0,0x0,0x0,0x2000,0x0,0x0,0x0,0x0,0x2000"/>
      <Param name="sph_in_iir_mic2_eq_freq" value="100.000000,800.000000,1600.000000,2400.000000,3200.000000,4000.000000"/>
      <Param name="sph_in_iir_mic2_eq_mag" value="1.000000,2.000000,3.000000,4.000000,5.000000,6.000000"/>
      <Param name="sph_in_iir_mic1_enh_dsp" value="0x7A90,0xC524,0x8001,0x4000,0x7F54,0xC090,0x800A,0x4000,0x0,0x0,0x0,0x0,0x0,0x0,0x0,0x0,0x0,0x0,0x0,0x0,0x0,0x0,0x0,0x0,0x0,0x0,0x0,0x0,0x0,0x0,0x0,0x0,0x0,0x0,0x0,0x0,0x0,0x0,0x0,0x0,0x3BB,0x2"/>
      <Param name="sph_in_iir_mic1_enh_eq_freq" value="100.000000,800.000000,1600.000000,2400.000000,3200.000000,4000.000000"/>
      <Param name="sph_in_iir_mic1_enh_eq_mag" value="1.000000,2.000000,3.000000,4.000000,5.000000,6.000000"/>
      <Param name="sph_in_iir_mic2_enh_dsp" value="0x7A90,0xC524,0x8001,0x4000,0x7F54,0xC090,0x800A,0x4000,0x0,0x0,0x0,0x0,0x0,0x0,0x0,0x0,0x0,0x0,0x0,0x0,0x0,0x0,0x0,0x0,0x0,0x0,0x0,0x0,0x0,0x0,0x0,0x0,0x0,0x0,0x0,0x0,0x0,0x0,0x0,0x0,0x3BB,0x2"/>
      <Param name="sph_in_iir_mic2_enh_eq_freq" value="100.000000,800.000000,1600.000000,2400.000000,3200.000000,4000.000000"/>
      <Param name="sph_in_iir_mic2_enh_eq_mag" value="1.000000,2.000000,3.000000,4.000000,5.000000,6.000000"/>
      <Param name="sph_in_parameter" value="0.000000,0.000000,0.000000,0.000000"/>
    </ParamUnit>
    <ParamUnit param_id="8">
      <Param name="record_mode_para" value="0x0,0x1DF,0x7F00,0x1C,0xA000,0x1C,0x0,0x4,0x1D4,0xC5,0x263,0x0,0x7F08,0x0,0x0,0x600,0x0,0x0,0x0,0x0,0x0,0x0,0x0,0x0,0x0,0x0,0x0,0x0,0x0,0x0,0x0,0x0,0x0,0x0,0x0,0x0,0x0,0x0,0x0,0x0,0x0,0x0,0x0,0x0,0x0,0x0,0x0,0x6"/>
      <Param name="sph_in_iir_mic1_dsp" value="0xE342,0x3CA1,0x1DDC,0xC448,0x1DDC,0xE0E8,0x3F04,0x2000,0xC001,0x2000,0x0,0x0,0x0,0x0,0x2000,0x0,0x0,0x0,0x0,0x2000"/>
      <Param name="sph_in_iir_mic1_eq_freq" value="100.000000,800.000000,1600.000000,2400.000000,3200.000000,4000.000000"/>
      <Param name="sph_in_iir_mic1_eq_mag" value="1.000000,2.000000,3.000000,4.000000,5.000000,6.000000"/>
      <Param name="sph_in_iir_mic2_dsp" value="0xE0B7,0x3F42,0x1ECC,0xC268,0x1ECC,0xE1B2,0x3E47,0x2000,0xC000,0x2000,0x0,0x0,0x0,0x0,0x2000,0x0,0x0,0x0,0x0,0x2000"/>
      <Param name="sph_in_iir_mic2_eq_freq" value="100.000000,800.000000,1600.000000,2400.000000,3200.000000,4000.000000"/>
      <Param name="sph_in_iir_mic2_eq_mag" value="1.000000,2.000000,3.000000,4.000000,5.000000,6.000000"/>
      <Param name="sph_in_iir_mic1_enh_dsp" value="0x7A90,0xC524,0x8001,0x4000,0x7F54,0xC090,0x800A,0x4000,0x0,0x0,0x0,0x0,0x0,0x0,0x0,0x0,0x0,0x0,0x0,0x0,0x0,0x0,0x0,0x0,0x0,0x0,0x0,0x0,0x0,0x0,0x0,0x0,0x0,0x0,0x0,0x0,0x0,0x0,0x0,0x0,0x3BB,0x2"/>
      <Param name="sph_in_iir_mic1_enh_eq_freq" value="100.000000,800.000000,1600.000000,2400.000000,3200.000000,4000.000000"/>
      <Param name="sph_in_iir_mic1_enh_eq_mag" value="1.000000,2.000000,3.000000,4.000000,5.000000,6.000000"/>
      <Param name="sph_in_iir_mic2_enh_dsp" value="0x7A90,0xC524,0x8001,0x4000,0x7F54,0xC090,0x800A,0x4000,0x0,0x0,0x0,0x0,0x0,0x0,0x0,0x0,0x0,0x0,0x0,0x0,0x0,0x0,0x0,0x0,0x0,0x0,0x0,0x0,0x0,0x0,0x0,0x0,0x0,0x0,0x0,0x0,0x0,0x0,0x0,0x0,0x3BB,0x2"/>
      <Param name="sph_in_iir_mic2_enh_eq_freq" value="100.000000,800.000000,1600.000000,2400.000000,3200.000000,4000.000000"/>
      <Param name="sph_in_iir_mic2_enh_eq_mag" value="1.000000,2.000000,3.000000,4.000000,5.000000,6.000000"/>
      <Param name="sph_in_parameter" value="0.000000,0.000000,0.000000,0.000000"/>
    </ParamUnit>
    <ParamUnit param_id="9">
      <Param name="record_mode_para" value="0x3AA,0x0,0x0,0x0,0x0,0x0,0x0,0xAA00,0x0,0x0,0x0,0x0,0x0,0x0,0x0,0xAA00,0x0,0x0,0x0,0x0,0x0,0x0,0x0,0x0,0x0,0x0,0x0,0x0,0x0,0x0,0x0,0x0,0x0,0x0,0x0,0x0,0x0,0x0,0x0,0x0,0x0,0x0,0x0,0x0,0x0,0x0,0x0,0x0"/>
      <Param name="sph_in_iir_mic1_dsp" value="0xE342,0x3CA1,0x1DDC,0xC448,0x1DDC,0xE0E8,0x3F04,0x2000,0xC001,0x2000,0x0,0x0,0x0,0x0,0x2000,0x0,0x0,0x0,0x0,0x2000"/>
      <Param name="sph_in_iir_mic1_eq_freq" value="100.000000,800.000000,1600.000000,2400.000000,3200.000000,4000.000000"/>
      <Param name="sph_in_iir_mic1_eq_mag" value="1.000000,2.000000,3.000000,4.000000,5.000000,6.000000"/>
      <Param name="sph_in_iir_mic2_dsp" value="0xE0B7,0x3F42,0x1ECC,0xC268,0x1ECC,0xE1B2,0x3E47,0x2000,0xC000,0x2000,0x0,0x0,0x0,0x0,0x2000,0x0,0x0,0x0,0x0,0x2000"/>
      <Param name="sph_in_iir_mic2_eq_freq" value="100.000000,800.000000,1600.000000,2400.000000,3200.000000,4000.000000"/>
      <Param name="sph_in_iir_mic2_eq_mag" value="1.000000,2.000000,3.000000,4.000000,5.000000,6.000000"/>
      <Param name="sph_in_iir_mic1_enh_dsp" value="0x7A90,0xC524,0x8001,0x4000,0x7F54,0xC090,0x800A,0x4000,0x0,0x0,0x0,0x0,0x0,0x0,0x0,0x0,0x0,0x0,0x0,0x0,0x0,0x0,0x0,0x0,0x0,0x0,0x0,0x0,0x0,0x0,0x0,0x0,0x0,0x0,0x0,0x0,0x0,0x0,0x0,0x0,0x3BB,0x2"/>
      <Param name="sph_in_iir_mic1_enh_eq_freq" value="100.000000,800.000000,1600.000000,2400.000000,3200.000000,4000.000000"/>
      <Param name="sph_in_iir_mic1_enh_eq_mag" value="1.000000,2.000000,3.000000,4.000000,5.000000,6.000000"/>
      <Param name="sph_in_iir_mic2_enh_dsp" value="0x7A90,0xC524,0x8001,0x4000,0x7F54,0xC090,0x800A,0x4000,0x0,0x0,0x0,0x0,0x0,0x0,0x0,0x0,0x0,0x0,0x0,0x0,0x0,0x0,0x0,0x0,0x0,0x0,0x0,0x0,0x0,0x0,0x0,0x0,0x0,0x0,0x0,0x0,0x0,0x0,0x0,0x0,0x3BB,0x2"/>
      <Param name="sph_in_iir_mic2_enh_eq_freq" value="100.000000,800.000000,1600.000000,2400.000000,3200.000000,4000.000000"/>
      <Param name="sph_in_iir_mic2_enh_eq_mag" value="1.000000,2.000000,3.000000,4.000000,5.000000,6.000000"/>
      <Param name="sph_in_parameter" value="0.000000,0.000000,0.000000,0.000000"/>
    </ParamUnit>
    <ParamUnit param_id="10">
      <Param name="record_mode_para" value="0x2AA,0x0,0x0,0x0,0x0,0x0,0x0,0xAA02,0x0,0x0,0x0,0x0,0x0,0x0,0x0,0xAA00,0x0,0x0,0x0,0x0,0x0,0x0,0x0,0x0,0x0,0x0,0x0,0x0,0x0,0x0,0x0,0x0,0x0,0x0,0x0,0x0,0x0,0x0,0x0,0x0,0x0,0x0,0x0,0x0,0x0,0x0,0x0,0x0"/>
      <Param name="sph_in_iir_mic1_dsp" value="0xE342,0x3CA1,0x1DDC,0xC448,0x1DDC,0xE0E8,0x3F04,0x2000,0xC001,0x2000,0x0,0x0,0x0,0x0,0x2000,0x0,0x0,0x0,0x0,0x2000"/>
      <Param name="sph_in_iir_mic1_eq_freq" value="100.000000,800.000000,1600.000000,2400.000000,3200.000000,4000.000000"/>
      <Param name="sph_in_iir_mic1_eq_mag" value="1.000000,2.000000,3.000000,4.000000,5.000000,6.000000"/>
      <Param name="sph_in_iir_mic2_dsp" value="0xE0B7,0x3F42,0x1ECC,0xC268,0x1ECC,0xE1B2,0x3E47,0x2000,0xC000,0x2000,0x0,0x0,0x0,0x0,0x2000,0x0,0x0,0x0,0x0,0x2000"/>
      <Param name="sph_in_iir_mic2_eq_freq" value="100.000000,800.000000,1600.000000,2400.000000,3200.000000,4000.000000"/>
      <Param name="sph_in_iir_mic2_eq_mag" value="1.000000,2.000000,3.000000,4.000000,5.000000,6.000000"/>
      <Param name="sph_in_iir_mic1_enh_dsp" value="0xC7D8,0x7721,0x3828,0x88DF,0xC7D8,0x7721,0x3828,0x88DF,0x0,0x0,0x0,0x0,0x0,0x0,0x0,0x0,0x0,0x0,0x0,0x0,0x0,0x0,0x0,0x0,0x0,0x0,0x0,0x0,0x0,0x0,0x0,0x0,0x0,0x0,0x0,0x0,0x0,0x0,0x0,0x0,0x400,0x2"/>
      <Param name="sph_in_iir_mic1_enh_eq_freq" value="100.000000,800.000000,1600.000000,2400.000000,3200.000000,4000.000000"/>
      <Param name="sph_in_iir_mic1_enh_eq_mag" value="1.000000,2.000000,3.000000,4.000000,5.000000,6.000000"/>
      <Param name="sph_in_iir_mic2_enh_dsp" value="0xC7D8,0x7721,0x3828,0x88DF,0xC7D8,0x7721,0x3828,0x88DF,0x0,0x0,0x0,0x0,0x0,0x0,0x0,0x0,0x0,0x0,0x0,0x0,0x0,0x0,0x0,0x0,0x0,0x0,0x0,0x0,0x0,0x0,0x0,0x0,0x0,0x0,0x0,0x0,0x0,0x0,0x0,0x0,0x400,0x2"/>
      <Param name="sph_in_iir_mic2_enh_eq_freq" value="100.000000,800.000000,1600.000000,2400.000000,3200.000000,4000.000000"/>
      <Param name="sph_in_iir_mic2_enh_eq_mag" value="1.000000,2.000000,3.000000,4.000000,5.000000,6.000000"/>
      <Param name="sph_in_parameter" value="0.000000,0.000000,0.000000,0.000000"/>
    </ParamUnit>
    <ParamUnit param_id="11">
      <Param name="record_mode_para" value="0x2AA,0x0,0x0,0x0,0x0,0x0,0x0,0x0,0x0,0x0,0x0,0x0,0x0,0x0,0x0,0xE00,0x0,0x0,0x0,0x0,0x0,0x0,0x0,0x0,0x0,0x0,0x0,0x0,0x0,0x0,0x0,0x0,0x0,0x0,0x0,0x0,0x0,0x0,0x0,0x0,0x0,0x0,0x0,0x0,0x0,0x0,0x0,0x0"/>
      <Param name="sph_in_iir_mic1_dsp" value="0xE342,0x3CA1,0x1DDC,0xC448,0x1DDC,0xE0E8,0x3F04,0x2000,0xC001,0x2000,0x0,0x0,0x0,0x0,0x2000,0x0,0x0,0x0,0x0,0x2000"/>
      <Param name="sph_in_iir_mic1_eq_freq" value="100.000000,800.000000,1600.000000,2400.000000,3200.000000,4000.000000"/>
      <Param name="sph_in_iir_mic1_eq_mag" value="1.000000,2.000000,3.000000,4.000000,5.000000,6.000000"/>
      <Param name="sph_in_iir_mic2_dsp" value="0xE0B7,0x3F42,0x1ECC,0xC268,0x1ECC,0xE1B2,0x3E47,0x2000,0xC000,0x2000,0x0,0x0,0x0,0x0,0x2000,0x0,0x0,0x0,0x0,0x2000"/>
      <Param name="sph_in_iir_mic2_eq_freq" value="100.000000,800.000000,1600.000000,2400.000000,3200.000000,4000.000000"/>
      <Param name="sph_in_iir_mic2_eq_mag" value="1.000000,2.000000,3.000000,4.000000,5.000000,6.000000"/>
      <Param name="sph_in_iir_mic1_enh_dsp" value="0xC7D8,0x7721,0x3828,0x88DF,0xC7D8,0x7721,0x3828,0x88DF,0x0,0x0,0x0,0x0,0x0,0x0,0x0,0x0,0x0,0x0,0x0,0x0,0x0,0x0,0x0,0x0,0x0,0x0,0x0,0x0,0x0,0x0,0x0,0x0,0x0,0x0,0x0,0x0,0x0,0x0,0x0,0x0,0x400,0x2"/>
      <Param name="sph_in_iir_mic1_enh_eq_freq" value="100.000000,800.000000,1600.000000,2400.000000,3200.000000,4000.000000"/>
      <Param name="sph_in_iir_mic1_enh_eq_mag" value="1.000000,2.000000,3.000000,4.000000,5.000000,6.000000"/>
      <Param name="sph_in_iir_mic2_enh_dsp" value="0xC7D8,0x7721,0x3828,0x88DF,0xC7D8,0x7721,0x3828,0x88DF,0x0,0x0,0x0,0x0,0x0,0x0,0x0,0x0,0x0,0x0,0x0,0x0,0x0,0x0,0x0,0x0,0x0,0x0,0x0,0x0,0x0,0x0,0x0,0x0,0x0,0x0,0x0,0x0,0x0,0x0,0x0,0x0,0x400,0x2"/>
      <Param name="sph_in_iir_mic2_enh_eq_freq" value="100.000000,800.000000,1600.000000,2400.000000,3200.000000,4000.000000"/>
      <Param name="sph_in_iir_mic2_enh_eq_mag" value="1.000000,2.000000,3.000000,4.000000,5.000000,6.000000"/>
      <Param name="sph_in_parameter" value="0.000000,0.000000,0.000000,0.000000"/>
    </ParamUnit>
    <ParamUnit param_id="12">
      <Param name="record_mode_para" value="0x0,0x1DF,0x4004,0x901C,0x1100,0x2000,0x300,0x4,0x8F10,0xC5,0x262,0x4000,0x0,0x0,0x0,0x2000,0x0,0x0,0x0,0x0,0x0,0x0,0x0,0x0,0x0,0x0,0x0,0x0,0x0,0x0,0x0,0x0,0x0,0x0,0x0,0x0,0x0,0x0,0x0,0x0,0x0,0x0,0x0,0x0,0x0,0x0,0x0,0x0"/>
      <Param name="sph_in_iir_mic1_dsp" value="0xE342,0x3CA1,0x1DDC,0xC448,0x1DDC,0xE0E8,0x3F04,0x2000,0xC001,0x2000,0x0,0x0,0x0,0x0,0x2000,0x0,0x0,0x0,0x0,0x2000"/>
      <Param name="sph_in_iir_mic1_eq_freq" value="100.000000,800.000000,1600.000000,2400.000000,3200.000000,4000.000000"/>
      <Param name="sph_in_iir_mic1_eq_mag" value="1.000000,2.000000,3.000000,4.000000,5.000000,6.000000"/>
      <Param name="sph_in_iir_mic2_dsp" value="0xE0B7,0x3F42,0x1ECC,0xC268,0x1ECC,0xE1B2,0x3E47,0x2000,0xC000,0x2000,0x0,0x0,0x0,0x0,0x2000,0x0,0x0,0x0,0x0,0x2000"/>
      <Param name="sph_in_iir_mic2_eq_freq" value="100.000000,800.000000,1600.000000,2400.000000,3200.000000,4000.000000"/>
      <Param name="sph_in_iir_mic2_eq_mag" value="1.000000,2.000000,3.000000,4.000000,5.000000,6.000000"/>
      <Param name="sph_in_iir_mic1_enh_dsp" value="0x7A90,0xC524,0x8001,0x4000,0x7F54,0xC090,0x800A,0x4000,0x0,0x0,0x0,0x0,0x0,0x0,0x0,0x0,0x0,0x0,0x0,0x0,0x0,0x0,0x0,0x0,0x0,0x0,0x0,0x0,0x0,0x0,0x0,0x0,0x0,0x0,0x0,0x0,0x0,0x0,0x0,0x0,0x3BB,0x2"/>
      <Param name="sph_in_iir_mic1_enh_eq_freq" value="100.000000,800.000000,1600.000000,2400.000000,3200.000000,4000.000000"/>
      <Param name="sph_in_iir_mic1_enh_eq_mag" value="1.000000,2.000000,3.000000,4.000000,5.000000,6.000000"/>
      <Param name="sph_in_iir_mic2_enh_dsp" value="0x7A90,0xC524,0x8001,0x4000,0x7F54,0xC090,0x800A,0x4000,0x0,0x0,0x0,0x0,0x0,0x0,0x0,0x0,0x0,0x0,0x0,0x0,0x0,0x0,0x0,0x0,0x0,0x0,0x0,0x0,0x0,0x0,0x0,0x0,0x0,0x0,0x0,0x0,0x0,0x0,0x0,0x0,0x3BB,0x2"/>
      <Param name="sph_in_iir_mic2_enh_eq_freq" value="100.000000,800.000000,1600.000000,2400.000000,3200.000000,4000.000000"/>
      <Param name="sph_in_iir_mic2_enh_eq_mag" value="1.000000,2.000000,3.000000,4.000000,5.000000,6.000000"/>
      <Param name="sph_in_parameter" value="0.000000,0.000000,0.000000,0.000000"/>
    </ParamUnit>
    <ParamUnit param_id="13">
      <Param name="record_mode_para" value="0xE800,0x0,0x0,0x901F,0x1,0x7,0x1A00,0xAA00,0x4D84,0xC4,0x263,0x0,0x0,0x0,0x0,0x2000,0x0,0x0,0x0,0x0,0x0,0x0,0x0,0x0,0x0,0x0,0x0,0x0,0x0,0x0,0x0,0x0,0xE6,0x74,0xA4,0xA4,0xA4,0xA4,0xC,0x11,0x15,0xF,0xF,0x0,0x2B,0x38,0x4C,0x93"/>
      <Param name="sph_in_iir_mic1_dsp" value="0xE342,0x3CA1,0x1DDC,0xC448,0x1DDC,0xE0E8,0x3F04,0x2000,0xC001,0x2000,0x0,0x0,0x0,0x0,0x2000,0x0,0x0,0x0,0x0,0x2000"/>
      <Param name="sph_in_iir_mic1_eq_freq" value="100.000000,800.000000,1600.000000,2400.000000,3200.000000,4000.000000"/>
      <Param name="sph_in_iir_mic1_eq_mag" value="1.000000,2.000000,3.000000,4.000000,5.000000,6.000000"/>
      <Param name="sph_in_iir_mic2_dsp" value="0xE0B7,0x3F42,0x1ECC,0xC268,0x1ECC,0xE1B2,0x3E47,0x2000,0xC000,0x2000,0x0,0x0,0x0,0x0,0x2000,0x0,0x0,0x0,0x0,0x2000"/>
      <Param name="sph_in_iir_mic2_eq_freq" value="100.000000,800.000000,1600.000000,2400.000000,3200.000000,4000.000000"/>
      <Param name="sph_in_iir_mic2_eq_mag" value="1.000000,2.000000,3.000000,4.000000,5.000000,6.000000"/>
      <Param name="sph_in_iir_mic1_enh_dsp" value="0xC7D8,0x7721,0x3828,0x88DF,0xC7D8,0x7721,0x3828,0x88DF,0x0,0x0,0x0,0x0,0x0,0x0,0x0,0x0,0x0,0x0,0x0,0x0,0x0,0x0,0x0,0x0,0x0,0x0,0x0,0x0,0x0,0x0,0x0,0x0,0x0,0x0,0x0,0x0,0x0,0x0,0x0,0x0,0x400,0x2"/>
      <Param name="sph_in_iir_mic1_enh_eq_freq" value="100.000000,800.000000,1600.000000,2400.000000,3200.000000,4000.000000"/>
      <Param name="sph_in_iir_mic1_enh_eq_mag" value="1.000000,2.000000,3.000000,4.000000,5.000000,6.000000"/>
      <Param name="sph_in_iir_mic2_enh_dsp" value="0xC7D8,0x7721,0x3828,0x88DF,0xC7D8,0x7721,0x3828,0x88DF,0x0,0x0,0x0,0x0,0x0,0x0,0x0,0x0,0x0,0x0,0x0,0x0,0x0,0x0,0x0,0x0,0x0,0x0,0x0,0x0,0x0,0x0,0x0,0x0,0x0,0x0,0x0,0x0,0x0,0x0,0x0,0x0,0x400,0x2"/>
      <Param name="sph_in_iir_mic2_enh_eq_freq" value="100.000000,800.000000,1600.000000,2400.000000,3200.000000,4000.000000"/>
      <Param name="sph_in_iir_mic2_enh_eq_mag" value="1.000000,2.000000,3.000000,4.000000,5.000000,6.000000"/>
      <Param name="sph_in_parameter" value="0.000000,0.000000,0.000000,0.000000"/>
    </ParamUnit>
    <ParamUnit param_id="14">
      <Param name="record_mode_para" value="0x100,0x0,0x0,0x901F,0x1,0x0,0x1F00,0xAA00,0x4D84,0xC4,0x263,0x0,0x0,0x0,0x0,0x2000,0x0,0x0,0x0,0x0,0x0,0x0,0x0,0x0,0x0,0x0,0x0,0x0,0x0,0x0,0x0,0x0,0xE7,0x74,0xA4,0xA4,0xA4,0xA4,0xA,0xE,0xD,0x13,0xF,0x0,0x2C,0x3C,0x53,0x93"/>
      <Param name="sph_in_iir_mic1_dsp" value="0xE342,0x3CA1,0x1DDC,0xC448,0x1DDC,0xE0E8,0x3F04,0x2000,0xC001,0x2000,0x0,0x0,0x0,0x0,0x2000,0x0,0x0,0x0,0x0,0x2000"/>
      <Param name="sph_in_iir_mic1_eq_freq" value="100.000000,800.000000,1600.000000,2400.000000,3200.000000,4000.000000"/>
      <Param name="sph_in_iir_mic1_eq_mag" value="1.000000,2.000000,3.000000,4.000000,5.000000,6.000000"/>
      <Param name="sph_in_iir_mic2_dsp" value="0xE0B7,0x3F42,0x1ECC,0xC268,0x1ECC,0xE1B2,0x3E47,0x2000,0xC000,0x2000,0x0,0x0,0x0,0x0,0x2000,0x0,0x0,0x0,0x0,0x2000"/>
      <Param name="sph_in_iir_mic2_eq_freq" value="100.000000,800.000000,1600.000000,2400.000000,3200.000000,4000.000000"/>
      <Param name="sph_in_iir_mic2_eq_mag" value="1.000000,2.000000,3.000000,4.000000,5.000000,6.000000"/>
      <Param name="sph_in_iir_mic1_enh_dsp" value="0xC7D8,0x7721,0x3828,0x88DF,0xC7D8,0x7721,0x3828,0x88DF,0x0,0x0,0x0,0x0,0x0,0x0,0x0,0x0,0x0,0x0,0x0,0x0,0x0,0x0,0x0,0x0,0x0,0x0,0x0,0x0,0x0,0x0,0x0,0x0,0x0,0x0,0x0,0x0,0x0,0x0,0x0,0x0,0x400,0x2"/>
      <Param name="sph_in_iir_mic1_enh_eq_freq" value="100.000000,800.000000,1600.000000,2400.000000,3200.000000,4000.000000"/>
      <Param name="sph_in_iir_mic1_enh_eq_mag" value="1.000000,2.000000,3.000000,4.000000,5.000000,6.000000"/>
      <Param name="sph_in_iir_mic2_enh_dsp" value="0xC7D8,0x7721,0x3828,0x88DF,0xC7D8,0x7721,0x3828,0x88DF,0x0,0x0,0x0,0x0,0x0,0x0,0x0,0x0,0x0,0x0,0x0,0x0,0x0,0x0,0x0,0x0,0x0,0x0,0x0,0x0,0x0,0x0,0x0,0x0,0x0,0x0,0x0,0x0,0x0,0x0,0x0,0x0,0x400,0x2"/>
      <Param name="sph_in_iir_mic2_enh_eq_freq" value="100.000000,800.000000,1600.000000,2400.000000,3200.000000,4000.000000"/>
      <Param name="sph_in_iir_mic2_enh_eq_mag" value="1.000000,2.000000,3.000000,4.000000,5.000000,6.000000"/>
      <Param name="sph_in_parameter" value="0.000000,0.000000,0.000000,0.000000"/>
    </ParamUnit>
    <ParamUnit param_id="15">
      <Param name="record_mode_para" value="0xE800,0x0,0x0,0x901F,0x1,0x7,0x1A00,0xAA00,0x4D84,0xC4,0x263,0x0,0x0,0x0,0x0,0x2000,0x0,0x0,0x0,0x0,0x0,0x0,0x0,0x0,0x0,0x0,0x0,0x0,0x0,0x0,0x0,0x0,0xE6,0x74,0xA4,0xA4,0xA4,0xA4,0xC,0x11,0x15,0xF,0xF,0x0,0x2B,0x38,0x4C,0x93"/>
      <Param name="sph_in_iir_mic1_dsp" value="0xE342,0x3CA1,0x1DDC,0xC448,0x1DDC,0xE0E8,0x3F04,0x2000,0xC001,0x2000,0x0,0x0,0x0,0x0,0x2000,0x0,0x0,0x0,0x0,0x2000"/>
      <Param name="sph_in_iir_mic1_eq_freq" value="100.000000,800.000000,1600.000000,2400.000000,3200.000000,4000.000000"/>
      <Param name="sph_in_iir_mic1_eq_mag" value="1.000000,2.000000,3.000000,4.000000,5.000000,6.000000"/>
      <Param name="sph_in_iir_mic2_dsp" value="0xE0B7,0x3F42,0x1ECC,0xC268,0x1ECC,0xE1B2,0x3E47,0x2000,0xC000,0x2000,0x0,0x0,0x0,0x0,0x2000,0x0,0x0,0x0,0x0,0x2000"/>
      <Param name="sph_in_iir_mic2_eq_freq" value="100.000000,800.000000,1600.000000,2400.000000,3200.000000,4000.000000"/>
      <Param name="sph_in_iir_mic2_eq_mag" value="1.000000,2.000000,3.000000,4.000000,5.000000,6.000000"/>
      <Param name="sph_in_iir_mic1_enh_dsp" value="0xC7D8,0x7721,0x3828,0x88DF,0xC7D8,0x7721,0x3828,0x88DF,0x0,0x0,0x0,0x0,0x0,0x0,0x0,0x0,0x0,0x0,0x0,0x0,0x0,0x0,0x0,0x0,0x0,0x0,0x0,0x0,0x0,0x0,0x0,0x0,0x0,0x0,0x0,0x0,0x0,0x0,0x0,0x0,0x400,0x2"/>
      <Param name="sph_in_iir_mic1_enh_eq_freq" value="100.000000,800.000000,1600.000000,2400.000000,3200.000000,4000.000000"/>
      <Param name="sph_in_iir_mic1_enh_eq_mag" value="1.000000,2.000000,3.000000,4.000000,5.000000,6.000000"/>
      <Param name="sph_in_iir_mic2_enh_dsp" value="0xC7D8,0x7721,0x3828,0x88DF,0xC7D8,0x7721,0x3828,0x88DF,0x0,0x0,0x0,0x0,0x0,0x0,0x0,0x0,0x0,0x0,0x0,0x0,0x0,0x0,0x0,0x0,0x0,0x0,0x0,0x0,0x0,0x0,0x0,0x0,0x0,0x0,0x0,0x0,0x0,0x0,0x0,0x0,0x400,0x2"/>
      <Param name="sph_in_iir_mic2_enh_eq_freq" value="100.000000,800.000000,1600.000000,2400.000000,3200.000000,4000.000000"/>
      <Param name="sph_in_iir_mic2_enh_eq_mag" value="1.000000,2.000000,3.000000,4.000000,5.000000,6.000000"/>
      <Param name="sph_in_parameter" value="0.000000,0.000000,0.000000,0.000000"/>
    </ParamUnit>
  </ParamUnitPool>
</AudioParam>
