<?xml version="1.0" encoding="UTF-8"?>
<ParamUnitDesc version="1.0">
	<CategoryTypeList>
		<CategoryType name="Profile">
			<Category name="RCV" wording="Receiver" alias="Normal,Handset,Lpbk_Handset,Handset_SV,HAC,Tty_HCO_Handset,Tty_VCO_Handset"/>
			<Category name="HS" wording="Headset" alias="Headset,4_pole_Headset,Lpbk_Headset"/>
			<Category name="HP" wording="Headphone" alias="3_pole_Headset"/>
			<Category name="SPK" wording="Speaker" alias="Hands-free,1-mic NR,2-mic NR,Handsfree,MagiConference,Handsfree_SV,Lpbk_Handsfree,Tty_HCO_Handsfree,Tty_VCO_Handsfree"/>
			<Category name="BT" alias="BT earphone,BT_Earphone,BT_NREC_Off"/>
			<Category name="HS5POLE" wording="Headset(5-pole)" alias="HS5POLE_ANC,5_pole_Headset,5-pole headset,5_pole_Headset+ANC"/>
			<Category name="USB" alias="Usb_Headset"/>
		</CategoryType>
	</CategoryTypeList>
	<ParamUnit>
		<Param name="ringback_gain_visibility" type="int"/>
	</ParamUnit>
</ParamUnitDesc>
