<?xml version="1.0" encoding="UTF-8"?>
<AudioParam version="1.0">
  <ParamTree>
    <Param path="RCV" param_id="0"/>
    <Param path="HS" param_id="1"/>
    <Param path="HP" param_id="1"/>
    <Param path="SPK" param_id="2"/>
    <Param path="HS5POLE" param_id="1"/>
    <Param path="USB" param_id="1"/>
  </ParamTree>
  <ParamUnitPool>
    <ParamUnit param_id="0">
      <Param name="ringback_gain" value="22,19,16,13,10,7,4"/>
    </ParamUnit>
    <ParamUnit param_id="1">
      <Param name="ringback_gain" value="27,24,21,18,15,12,9"/>
    </ParamUnit>
    <ParamUnit param_id="2">
      <Param name="ringback_gain" value="22,19,16,13,10,7,4"/>
    </ParamUnit>
  </ParamUnitPool>
</AudioParam>
