<?xml version="1.0" encoding="UTF-8"?>
<ParamTreeView version="1.0">
	<TreeRoot name="TX_DRC+DG">
		<Sheet/>

		<Feature name="TX DRC">
			<FieldList>
				<Field audio_type="Speech" param="speech_mode_para" name="UL Limiter TH"/>
				<Field audio_type="Speech" param="speech_mode_para" name="UL IIR cut off frequency"/>
				<Field audio_type="Speech" param="speech_mode_para" name="75Hz high-pass IIR"/>
				<Field audio_type="Speech" param="speech_mode_para" name="comfort noise"/>
				<Field audio_type="Speech" param="speech_mode_para" name="comfort noise level"/>
				<Field audio_type="Speech" param="speech_mode_para" name="TX IIR switch"/>
				<Field audio_type="Speech" param="speech_mode_para" name="TX FIR switch"/>
			</FieldList>
			<CategoryPathList>
				<Category path=""/>
			</CategoryPathList>
		</Feature>

		<Feature name="TX Digital Gain">
			<FieldList>
				<Field audio_type="Speech" param="speech_mode_para" name="UL Digital Gain"/>
			</FieldList>
			<CategoryPathList>
				<Category path=""/>
			</CategoryPathList>
		</Feature>

	</TreeRoot>
	<TreeRoot name="NREC">
		<Sheet/>

		<Feature name="MagiAEC">
			<FieldList>
				<Field audio_type="Speech" param="speech_mode_para" name="Switch"/>
				<Field audio_type="Speech" param="speech_mode_para" name="device Mode"/>
				<Field audio_type="Speech" param="speech_mode_para" name="BGNT FE improvement control"/>
				<Field audio_type="Speech" param="speech_mode_para" name="echo path change handler"/>
				<Field audio_type="Speech" param="speech_mode_para" name="manual clipping"/>
				<Field audio_type="Speech" param="speech_mode_para" name="Pre-clipping/manual clipping threshold"/>
				<Field audio_type="Speech" param="speech_mode_para" name="ES switch"/>
				<Field audio_type="Speech" param="speech_mode_para" name="residual echo weighting for linear part"/>
				<Field audio_type="Speech" param="speech_mode_para" name="residual echo weighting for non-linear part"/>
				<Field audio_type="Speech" param="speech_mode_para" name="ES"/>
				<Field audio_type="Speech" param="speech_mode_para" name="First Echo Suppression control"/>
				<Field audio_type="Speech" param="speech_mode_para" name="AES switch"/>
				<Field audio_type="Speech" param="speech_mode_para" name="AES improvement"/>
				<Field audio_type="Speech" param="speech_mode_para" name="AES"/>
				<Field audio_type="Speech" param="speech_mode_para" name="Comfort noise generator"/>
				<Field audio_type="Speech" param="speech_mode_para" name="Minimum comfort noise value"/>
				<Field audio_type="Speech" param="speech_mode_para" name="NLP Suppression behavior control"/>
				<Field audio_type="Speech" param="speech_mode_para" name="NLP"/>
				<Field audio_type="Speech" param="speech_mode_para" name="remove tone in echo ref"/>
				<Field audio_type="Speech" param="speech_mode_para" name="BT Delay Control"/>
				<Field audio_type="Speech" param="speech_mode_para" name="New echo suppression"/>
				<Field audio_type="Speech" param="speech_mode_para" name="0-2k residual echo weighting for linear part"/>
				<Field audio_type="Speech" param="speech_mode_para" name="0-2k residual echo weighting for non-linear part"/>
				<Field audio_type="Speech" param="speech_mode_para" name="0-2k ES smooth rate"/>
				<Field audio_type="Speech" param="speech_mode_para" name="0-2k ES gain lower bound"/>
				<Field audio_type="Speech" param="speech_mode_para" name="0-2k ES estimated echo control"/>
				<Field audio_type="Speech" param="speech_mode_para" name="2-4k residual echo weighting for linear part"/>
				<Field audio_type="Speech" param="speech_mode_para" name="2-4k residual echo weighting for non-linear part"/>
				<Field audio_type="Speech" param="speech_mode_para" name="2-4k ES smooth rate"/>
				<Field audio_type="Speech" param="speech_mode_para" name="2-4k ES gain lower bound"/>
				<Field audio_type="Speech" param="speech_mode_para" name="2-4k ES estimated echo control"/>
				<Field audio_type="Speech" param="speech_mode_para" name="4-8k residual echo weighting for linear part"/>
				<Field audio_type="Speech" param="speech_mode_para" name="4-8k residual echo weighting for non-linear part"/>
				<Field audio_type="Speech" param="speech_mode_para" name="4-8k ES smooth rate"/>
				<Field audio_type="Speech" param="speech_mode_para" name="4-8k ES gain lower bound"/>
				<Field audio_type="Speech" param="speech_mode_para" name="4-8k ES estimated echo control"/>
				<Field audio_type="Speech" param="speech_mode_para" name="EPC control"/>
				<Field audio_type="Speech" param="speech_mode_para" name="Normal mode DT improvement"/>
				<Field audio_type="Speech" param="speech_mode_para" name="ref vowel detection"/>
				<Field audio_type="Speech" param="speech_mode_para" name="speaker nolinear model"/>
				<Field audio_type="Speech" param="speech_mode_para" name="BT mode echo ref"/>
				<Field audio_type="Speech" param="speech_mode_para" name="UL delay for EC tuning (ms)"/>
			</FieldList>
			<CategoryPathList>
				<Category path=""/>
			</CategoryPathList>
		</Feature>

		<Feature name="MagiNR(TX)">
			<FieldList>
				<Field audio_type="Speech" param="speech_mode_para" name="TX NR Switch"/>
				<Field audio_type="Speech" param="speech_mode_para" name="TX NR Quick learning"/>
				<Field audio_type="Speech" param="speech_mode_para" name="TX NR for high frequency"/>
				<Field audio_type="Speech" param="speech_mode_para" name="TX NR suppression strength"/>
				<Field audio_type="Speech" param="speech_mode_para" name="TX Adaptive gain control"/>
				<Field audio_type="Speech" param="speech_mode_para" name="TX mute 1s"/>
				<Field audio_type="Speech" param="speech_mode_para" name="TX Ambient noise calibration"/>
				<Field audio_type="Speech" param="speech_mode_para" name="TX Handfree Tone Detection"/>
				<Field audio_type="Speech" param="speech_mode_para" name="TX expander switch"/>
				<Field audio_type="Speech" param="speech_mode_para" name="TX expander suppression gain"/>
				<Field audio_type="Speech" param="speech_mode_para" name="TX NR Noise Adaption Rate"/>
			</FieldList>
			<CategoryPathList>
				<Category path=""/>
			</CategoryPathList>
		</Feature>

		<Feature name="MagiTDNC">
			<FieldList>
				<Field audio_type="Speech" param="speech_mode_para" name="TDNC switch"/>
			</FieldList>
			<CategoryPathList>
				<Category path="NB"/>
			</CategoryPathList>
		</Feature>

		<Feature name="MagiNR(dual)">
			<FieldList>
				<Field audio_type="Speech" param="speech_mode_para" name="MagiNRDual switch"/>	
				<Field audio_type="Speech" param="speech_mode_para" name="Switch or Lower bound of NS Gain"/>
				<Field audio_type="Speech" param="speech_mode_para" name="NS mode"/>
				<Field audio_type="Speech" param="speech_mode_para" name="Stationary noise tracking strength"/>
				<Field audio_type="Speech" param="speech_mode_para" name="Non-stationary noise tracking strength"/>
				<Field audio_type="Speech" param="speech_mode_para" name="NS-TMOS detection"/>
				<Field audio_type="Speech" param="speech_mode_para" name="NS-Gain LB when TMOS detected"/>
				<Field audio_type="Speech" param="speech_mode_para" name="High band(4k-8k) speech protection"/>
				<Field audio_type="Speech" param="speech_mode_para" name="Energy based HB VAD switch"/>
				<Field audio_type="Speech" param="speech_mode_para" name="NC switch"/>
				<Field audio_type="Speech" param="speech_mode_para" name="Look Ahead Delay of NC(more delay, better cancellation)"/>
				<Field audio_type="Speech" param="speech_mode_para" name="NC strength"/>
				<Field audio_type="Speech" param="speech_mode_para" name="Phone up or down cover range(normal position)"/>
				<Field audio_type="Speech" param="speech_mode_para" name="Mic selection switch"/>
				<Field audio_type="Speech" param="speech_mode_para" name="Mic selection VAD threshold(larger value, VAD on easier)"/>
				<Field audio_type="Speech" param="speech_mode_para" name="Mic selection mic1/mic2 energy threshold"/>
				<Field audio_type="Speech" param="speech_mode_para" name="Mic2 expander"/>
				<Field audio_type="Speech" param="speech_mode_para" name="Mic2 IIR"/>
				<Field audio_type="Speech" param="speech_mode_para" name="DMNR ASLR Gain release rate"/>
				<Field audio_type="Speech" param="speech_mode_para" name="ABM VAD use only band1 at WA"/>
				<Field audio_type="Speech" param="speech_mode_para" name="ABM VAD use band1 and band2 at WA"/>
				<Field audio_type="Speech" param="speech_mode_para" name="Maximum DMNR ASLR Gain level bound"/>
				<Field audio_type="Speech" param="speech_mode_para" name="DMNR ASLR Gain switch"/>
				<Field audio_type="Speech" param="speech_mode_para" name="WA DMNR switch"/>
				<Field audio_type="Speech" param="speech_mode_para" name="WA DMNR switch counter threshold(larger value, faster switch)"/>
				<Field audio_type="Speech" param="speech_mode_para" name="WA DMNR switch VAD threshold(smaller value, VAD on easier)"/>
				<Field audio_type="Speech" param="speech_mode_para" name="WADMNR switch GCC max index THD"/>
				<Field audio_type="Speech" param="speech_mode_para" name="WADMNR switch GCC prob THD(smaller value, switch easier)"/>
				<Field audio_type="Speech" param="speech_mode_para" name="ABM VAD learning use 1-mic VAD at WA"/>
				<Field audio_type="Speech" param="speech_mode_para" name="GCC prob THD for ABM learning(smaller value, learning easier)"/>
				<Field audio_type="Speech" param="speech_mode_para" name="ABM VAD THD at WA(larger value, VAD on easier)"/>
				<Field audio_type="Speech" param="speech_mode_para" name="Consider GCC prob VAD for DMNR VAD"/>
				<Field audio_type="Speech" param="speech_mode_para" name="The start of sum range for GCC prob VAD"/>
				<Field audio_type="Speech" param="speech_mode_para" name="The end of sum range for GCC prob VAD"/>
				<Field audio_type="Speech" param="speech_mode_para" name="GCC prob VAD THD(smaller value, switch easier)"/>
				<Field audio_type="Speech" param="speech_mode_para" name="Consider Well-cal VAD for speech prob at WA"/>
				<Field audio_type="Speech" param="speech_mode_para" name="Consider GCC prob VAD for speech prob at WA"/>
				<Field audio_type="Speech" param="speech_mode_para" name="Non-stationary noise tracking strength at WA"/>
				<Field audio_type="Speech" param="speech_mode_para" name="Switch or Lower bound of NS Gain at WA"/>
			</FieldList>
			<CategoryPathList>
				<Category path="Handset"/>
			</CategoryPathList>
		</Feature>

	</TreeRoot>
	<TreeRoot name="RX_DRC+DG">
		<Sheet/>

		<Feature name="RX DRC">
			<FieldList>
				<Field audio_type="Speech" param="speech_mode_para" name="RX expander mode"/>
				<Field audio_type="Speech" param="speech_mode_para" name="DL Limiter TH"/>
				<Field audio_type="Speech" param="speech_mode_para" name="DL expander suppression gain"/>
				<Field audio_type="Speech" param="speech_mode_para" name="CC mode"/>
				<Field audio_type="Speech" param="speech_mode_para" name="RMS power limiter thd"/>
				<Field audio_type="Speech" param="speech_mode_para" name="2.5ms delay"/>
				<Field audio_type="Speech" param="speech_mode_para" name="CC/VCE switch"/>
				<Field audio_type="Speech" param="speech_mode_para" name="Hard clipping"/>
				<Field audio_type="Speech" param="speech_mode_para" name="LPF"/>
				<Field audio_type="Speech" param="speech_mode_para" name="RX HP filter cutoff freq (IIR)"/>
				<Field audio_type="Speech" param="speech_mode_para" name="RX IIR switch"/>
				<Field audio_type="Speech" param="speech_mode_para" name="RX FIR switch"/>
			</FieldList>
			<CategoryPathList>
				<Category path=""/>
			</CategoryPathList>
		</Feature>

		<Feature name="RX Digital Gain">
			<FieldList>
				<Field audio_type="Speech" param="speech_mode_para" name="DL Digital Gain"/>
			</FieldList>
			<CategoryPathList>
				<Category path=""/>
			</CategoryPathList>
		</Feature>

		<Feature name="MagiLoudness/MagiClarity">
			<FieldList>
				<Field audio_type="Speech" param="speech_mode_para" name="MagiClarity DM/SM"/>
                <Field audio_type="Speech" param="speech_mode_para" name="MagiClarity switch"/>
                <Field audio_type="Speech" param="speech_mode_para" name="SNR trigger threshold"/>
                <Field audio_type="Speech" param="speech_mode_para" name="high frequnecy strength"/>
                <Field audio_type="Speech" param="speech_mode_para" name="maximum gain"/>
                <Field audio_type="Speech" param="speech_mode_para" name="noise startup threshold"/>
                <Field audio_type="Speech" param="speech_mode_para" name="DL bounder threshold"/>
                <Field audio_type="Speech" param="speech_mode_para" name="attack time"/>
                <Field audio_type="Speech" param="speech_mode_para" name="release time"/>
			</FieldList>
			<CategoryPathList>
				<Category path=""/>
			</CategoryPathList>
		</Feature>

	</TreeRoot>
	<TreeRoot name="NR">
		<Sheet/>

		<Feature name="MagiNR(RX)">
			<FieldList>
				<Field audio_type="Speech" param="speech_mode_para" name="RX NR Switch"/>
				<Field audio_type="Speech" param="speech_mode_para" name="RX NR Strength"/>
				<Field audio_type="Speech" param="speech_mode_para" name="RX expander switch"/>
				<Field audio_type="Speech" param="speech_mode_para" name="RX expander suppression gain"/>
				<Field audio_type="Speech" param="speech_mode_para" name="RX Comfort Noise"/>
			</FieldList>
			<CategoryPathList>
				<Category path=""/>
			</CategoryPathList>
		</Feature>

	</TreeRoot>
	<!-- TreeRoot2 -->
	<!-- TreeRoot3... -->
</ParamTreeView>
