<?xml version="1.0" encoding="UTF-8"?>
<AudioParam version="1.0">
  <ParamTree>
    <Param path="Common" param_id="0"/>
  </ParamTree>
  <ParamUnitPool>
    <ParamUnit param_id="0">
      <Param name="shape_rx_fir_para" value="0xFF73,0x1C3,0x1DC,0x240,0x26E,0x22B,0x156,0xFFE5,0xFDEB,0xFB89,0xF8E6,0xF60E,0xF2C3,0xEDFB,0xE38B,0xAE09,0x51F7,0x1C75,0x1205,0xD3D,0x9F2,0x71A,0x477,0x215,0x1B,0xFEAA,0xFDD5,0xFD92,0xFDC0,0xFE24,0xFE3D,0x8D"/>
    </ParamUnit>
  </ParamUnitPool>
</AudioParam>
