<?xml version="1.0" encoding="UTF-8"?>
<AudioParam version="1.0">
  <ParamTree>
    <Param path="BT" param_id="0"/>
    <Param path="RCV" param_id="1"/>
    <Param path="HS" param_id="1"/>
    <Param path="HP" param_id="1"/>
    <Param path="SPK" param_id="3"/>
    <Param path="HS5POLE" param_id="1"/>
    <Param path="HS5POLE_ANC" param_id="1"/>
    <Param path="HAC" param_id="2"/>
    <Param path="TTY" param_id="4"/>
    <Param path="USB" param_id="5"/>
  </ParamTree>
  <ParamUnitPool>
    <ParamUnit param_id="0">
      <Param name="dl_gain_visibility" value="0"/>
      <Param name="ul_gain_visibility" value="-1"/>
      <Param name="stf_gain_visibility" value="-1"/>
    </ParamUnit>
    <ParamUnit param_id="1">
      <Param name="dl_gain_visibility" value="1"/>
      <Param name="ul_gain_visibility" value="1"/>
      <Param name="stf_gain_visibility" value="1"/>
    </ParamUnit>
    <ParamUnit param_id="2">
      <Param name="dl_gain_visibility" value="1"/>
      <Param name="ul_gain_visibility" value="-1"/>
      <Param name="stf_gain_visibility" value="1"/>
    </ParamUnit>
    <ParamUnit param_id="3">
      <Param name="dl_gain_visibility" value="1"/>
      <Param name="ul_gain_visibility" value="1"/>
      <Param name="stf_gain_visibility" value="0"/>
    </ParamUnit>
    <ParamUnit param_id="4">
      <Param name="dl_gain_visibility" value="0"/>
      <Param name="ul_gain_visibility" value="1"/>
      <Param name="stf_gain_visibility" value="0"/>
    </ParamUnit>
    <ParamUnit param_id="5">
      <Param name="dl_gain_visibility" value="1"/>
      <Param name="ul_gain_visibility" value="1"/>
      <Param name="stf_gain_visibility" value="-1"/>
    </ParamUnit>
  </ParamUnitPool>
</AudioParam>
