<?xml version="1.0" encoding="UTF-8"?>
<ParamUnitDesc version="1.0">
	<CategoryTypeList>
		<CategoryType name="Band" wording="Bandwidth">
			<Category name="NB" wording="Narrow Band"/>
			<Category name="WB" wording="Wide Band"/>
		</CategoryType>
		<CategoryType name="Profile">
		    <Category name="Handset" alias="Normal,HAC"/>
			<Category name="MagiConference" wording="2-mic NR"/>
		</CategoryType>
	</CategoryTypeList>
	<ParamUnit>
		<Param name="dmnr_para" type="ushort_array"/>
	</ParamUnit>
</ParamUnitDesc>
