<?xml version="1.0" encoding="UTF-8"?>
<ParamUnitDesc version="1.0">
	<CategoryTypeList>
		<CategoryType name="Device">
			<Category name="default"/>
			<Category name="0d8c:000c"/>	<!-- SABRENT two 3.5mm -->
			<Category name="046d:0a37"/>	<!-- Logitech H540 -->
			<Category name="1852:50d2"/>	<!-- Fiio E18 -->
			<Category name="045e:070f"/>    <!-- Microsoft LX-3000 -->
			<Category name="262a:1534"/>    <!-- LeTV (DL+UL) -->
			<Category name="1b3f:2008"/>    <!-- Baseus B51 (DL+UL) -->
			<Category name="0ecb:1ecb"/>    <!-- JBL Reflect Aware C (DL+UL) -->
		</CategoryType>
	</CategoryTypeList>
	<ParamUnit>
		<Param name="playback_latency_us" type="int"/>
		<Param name="capture_latency_us" type="int"/>
	</ParamUnit>
</ParamUnitDesc>
