<?xml version="1.0" encoding="UTF-8"?>
<ParamUnitDesc version="1.1">
	<CategoryTypeList>
		<CategoryType name="Scene" feature_option="VIR_SCENE_CUSTOMIZATION_SUPPORT">
			<Category name="Default"/>
			<Category name="App1"/>
			<Category name="App2"/>
		</CategoryType>
		<CategoryType name="Profile" wording="Device">
			<CategoryGroup name="Handset">
				<Category name="Normal" wording="Handset"/>
				<Category name="HAC"/>
			</CategoryGroup>
			<CategoryGroup name="Headset">
				<Category name="3_pole_Headset"/>
				<Category name="4_pole_Headset"/>
				<Category name="5_pole_Headset" wording="5-pole headset(ANC OFF)" feature_option="5_POLE_HS_SUPPORT"/>
				<Category name="5_pole_Headset+ANC" wording="5-pole headset(ANC ON)" feature_option="MTK_HEADSET_ACTIVE_NOISE_CANCELLATION"/>
			</CategoryGroup>
			<CategoryGroup name="Hands-free">
				<Category name="Handsfree" wording="Hands-free(1-mic NR)"/>
				<Category name="MagiConference" wording="Hands-free(2-mic NR)"/>
			</CategoryGroup>
			<CategoryGroup name="BT Device" wording="Bluetooth">
				<Category name="BT_Earphone" wording="BT_NREC_On"/>
				<Category name="BT_NREC_Off"/>
			</CategoryGroup>
			<CategoryGroup name="USB Device">
				<Category name="Usb_Headset" wording="USB Headset" feature_option="MTK_USB_PHONECALL"/>
			</CategoryGroup>
		</CategoryType>
	</CategoryTypeList>
	<ParamUnit>
		<Param name="DL FIR visibility" type="int"/>
		<Param name="DL DRC+DG visibility" type="int"/>
		<Param name="DL NR visibility" type="int"/>
		<Param name="DL Digital Gain visibility" type="int"/>
		<Param name="DL Limiter TH visibility" type="int"/>
		<Param name="UL FIR visibility" type="int"/>
		<Param name="UL DRC+DG visibility" type="int"/>
		<Param name="UL NREC visibility" type="int"/>
		<Param name="UL cal. visibility" type="int"/>
		<Param name="UL Digital Gain visibility" type="int"/>
		<Param name="UL Limiter TH visibility" type="int"/>
		<Param name="UL AEC visibility" type="int"/>
		<Param name="UL NLP visibility" type="int"/>
		<Param name="UL ES LB visibility" type="int"/>
		<Param name="UL AES LB visibility" type="int"/>
	</ParamUnit>
</ParamUnitDesc>
