<?xml version="1.0" encoding="UTF-8"?>
<ParamUnitDesc tab_name="VoIP" version="1.1" feature_option="MTK_AURISYS_FRAMEWORK_SUPPORT">
    <CategoryTypeList>
        <CategoryType name="Scene" feature_option="VIR_SCENE_CUSTOMIZATION_SUPPORT">
                <Category name="Default" wording="Default"/>
                <Category name="App1" wording="Application1" visible="false"/>
                <Category name="App2" wording="Application2" visible="false"/>
        </CategoryType>
        <CategoryType name="Profile" wording="Device">
            <CategoryGroup name="Handset">
                <Category name="Normal" wording="Handset"/>
                <Category name="HAC"/>
            </CategoryGroup>
            <CategoryGroup name="Headset">
                <Category name="3_pole_Headset"/>
                <Category name="4_pole_Headset"/>
                <Category name="5_pole_Headset" wording="5-pole headset(ANC OFF)" feature_option="5_POLE_HS_SUPPORT"/>
                <Category name="5_pole_Headset+ANC" wording="5-pole headset(ANC ON)" feature_option="MTK_HEADSET_ACTIVE_NOISE_CANCELLATION"/>
            </CategoryGroup>
            <CategoryGroup name="Hands-free">
                <Category name="Handsfree" wording="Hands-free(1-mic NR)"/>
                <Category name="MagiConference" wording="Hands-free(2-mic NR)"/>
            </CategoryGroup>
            <CategoryGroup name="BT Device" wording="Bluetooth">
                <Category name="BT_Earphone" wording="BT_NREC_On"/>
                <Category name="BT_NREC_Off"/>
            </CategoryGroup>
           <CategoryGroup name="USB Device">
                <Category name="Usb_Headset" wording="USB Headset" feature_option="MTK_USB_PHONECALL"/>
            </CategoryGroup>
        </CategoryType>
    </CategoryTypeList>
    <ParamUnit>
        <Param name="speech_mode_para" type="uint_array">
            <!-- Gain -->
            <Field name="DL Digital Gain" array_index="7" bit="4,7"              check_list="0,0dB,1,1dB,2,2dB,3,3dB,4,4dB,5,5dB,6,6dB,7,7dB,8,8dB,9,9dB,10,10dB,11,11dB,12,12dB,13,13dB,14,14dB,15,15dB"/>
            <Field name="UL Digital Gain" array_index="7" bit="0,3"              check_list="0,0dB,1,1dB,2,2dB,3,3dB,4,4dB,5,5dB,6,6dB,7,7dB,8,8dB,9,9dB,10,10dB,11,11dB,12,12dB,13,13dB,14,14dB,15,15dB"/>

            <!-- New TX DRC -->
            <Field name="TX Graphical_UI_DRC Switch"  array_index="32" bit="0,0" check_list="0,off,1,on"/>
            <Field name="TX RMS_TAV_Count"            array_index="32" bit="1,3" check_list="1,20,2,40,3,60,4,80,5,100"/>
            <Field name="TX DRC-Delay"                array_index="32" bit="4,5" check_list="0,0ms,1,5ms,2,10ms,3,15ms"/>
            <Field name="TX DRC Min-Gain"             array_index="32" bit="6,7" check_list="0,-6dB,1,-9dB,2,-12dB,3,-18dB"/>
            <Field name="TX-1 Gain Attack_Rate"       array_index="33" bit="0,2" check_list="0,0.5ms,1,1ms,2,2ms,3,4ms,4,8ms,5,16ms,6,32ms,7,64ms"/>
            <Field name="TX-1 Gain Release_Rate"      array_index="33" bit="3,5" check_list="0,0.5ms,1,1ms,2,2ms,3,4ms,4,8ms,5,16ms,6,32ms,7,64ms"/>
            <Field name="TX-1 Gain Hysterisis"        array_index="33" bit="6,7" check_list="0,0dB,1,1dB,2,2dB,3,3dB"/>
            <Field name="TX-2 Gain Attack_Rate"       array_index="34" bit="0,2" check_list="0,0.5ms,1,1ms,2,2ms,3,4ms,4,8ms,5,16ms,6,32ms,7,64ms"/>
            <Field name="TX-2 Gain Release_Rate"      array_index="34" bit="3,5" check_list="0,0.5ms,1,1ms,2,2ms,3,4ms,4,8ms,5,16ms,6,32ms,7,64ms"/>
            <Field name="TX-2 Gain Hysterisis"        array_index="34" bit="6,7" check_list="0,0dB,1,1dB,2,2dB,3,3dB"/>
            <Field name="TX-3 Gain Attack_Rate"       array_index="35" bit="0,2" check_list="0,0.5ms,1,1ms,2,2ms,3,4ms,4,8ms,5,16ms,6,32ms,7,64ms"/>
            <Field name="TX-3 Gain Release_Rate"      array_index="35" bit="3,5" check_list="0,0.5ms,1,1ms,2,2ms,3,4ms,4,8ms,5,16ms,6,32ms,7,64ms"/>
            <Field name="TX-3 Gain Hysterisis"        array_index="35" bit="6,7" check_list="0,0dB,1,1dB,2,2dB,3,3dB"/>
            <Field name="TX-4 Gain Attack_Rate"       array_index="36" bit="0,2" check_list="0,0.5ms,1,1ms,2,2ms,3,4ms,4,8ms,5,16ms,6,32ms,7,64ms"/>
            <Field name="TX-4 Gain Release_Rate"      array_index="36" bit="3,5" check_list="0,0.5ms,1,1ms,2,2ms,3,4ms,4,8ms,5,16ms,6,32ms,7,64ms"/>
            <Field name="TX-4 Gain Hysterisis"        array_index="36" bit="6,7" check_list="0,0dB,1,1dB,2,2dB,3,3dB"/>
            <Field name="TX-5 Gain Attack_Rate"       array_index="37" bit="0,2" check_list="0,0.5ms,1,1ms,2,2ms,3,4ms,4,8ms,5,16ms,6,32ms,7,64ms"/>
            <Field name="TX-5 Gain Release_Rate"      array_index="37" bit="3,5" check_list="0,0.5ms,1,1ms,2,2ms,3,4ms,4,8ms,5,16ms,6,32ms,7,64ms"/>
            <Field name="TX-5 Gain Hysterisis"        array_index="37" bit="6,7" check_list="0,0dB,1,1dB,2,2dB,3,3dB"/>
            <Field name="TX DSP_Compression_ratio_0"  array_index="38" bit="0,7"/>
            <Field name="TX DSP_Compression_ratio_1"  array_index="39" bit="0,7"/>
            <Field name="TX DSP_Compression_ratio_2"  array_index="40" bit="0,7"/>
            <Field name="TX DSP_Compression_ratio_3"  array_index="41" bit="0,7"/>
            <Field name="TX DSP_Compression_ratio_4"  array_index="42" bit="0,7"/>
            <Field name="TX DSP_Threshold_Y0"         array_index="43" bit="0,3"/>
            <Field name="TX DSP_Threshold_X1"         array_index="44" bit="0,7"/>
            <Field name="TX DSP_Threshold_X2"         array_index="45" bit="0,7"/>
            <Field name="TX DSP_Threshold_X3"         array_index="46" bit="0,7"/>
            <Field name="TX DSP_Threshold_X4"         array_index="47" bit="0,7"/>

            <!-- New RX DRC -->
            <Field name="RX Graphical_UI_DRC Switch"  array_index="32" bit="8,8"   check_list="0,off,1,on"/>
            <Field name="RX RMS_TAV_Count"            array_index="32" bit="9,11"  check_list="1,20,2,40,3,60,4,80,5,100"/>
            <Field name="RX DRC-Delay"                array_index="32" bit="12,13" check_list="0,0ms,1,5ms,2,10ms,3,15ms"/>
            <Field name="RX DRC Min-Gain"             array_index="32" bit="14,15" check_list="0,-6dB,1,-9dB,2,-12dB,3,-18dB"/>
            <Field name="RX-1 Gain Attack_Rate"       array_index="33" bit="8,10"  check_list="0,0.5ms,1,1ms,2,2ms,3,4ms,4,8ms,5,16ms,6,32ms,7,64ms"/>
            <Field name="RX-1 Gain Release_Rate"      array_index="33" bit="11,13" check_list="0,0.5ms,1,1ms,2,2ms,3,4ms,4,8ms,5,16ms,6,32ms,7,64ms"/>
            <Field name="RX-1 Gain Hysterisis"        array_index="33" bit="14,15" check_list="0,0dB,1,1dB,2,2dB,3,3dB"/>
            <Field name="RX-2 Gain Attack_Rate"       array_index="34" bit="8,10"  check_list="0,0.5ms,1,1ms,2,2ms,3,4ms,4,8ms,5,16ms,6,32ms,7,64ms"/>
            <Field name="RX-2 Gain Release_Rate"      array_index="34" bit="11,13" check_list="0,0.5ms,1,1ms,2,2ms,3,4ms,4,8ms,5,16ms,6,32ms,7,64ms"/>
            <Field name="RX-2 Gain Hysterisis"        array_index="34" bit="14,15" check_list="0,0dB,1,1dB,2,2dB,3,3dB"/>
            <Field name="RX-3 Gain Attack_Rate"       array_index="35" bit="8,10"  check_list="0,0.5ms,1,1ms,2,2ms,3,4ms,4,8ms,5,16ms,6,32ms,7,64ms"/>
            <Field name="RX-3 Gain Release_Rate"      array_index="35" bit="11,13" check_list="0,0.5ms,1,1ms,2,2ms,3,4ms,4,8ms,5,16ms,6,32ms,7,64ms"/>
            <Field name="RX-3 Gain Hysterisis"        array_index="35" bit="14,15" check_list="0,0dB,1,1dB,2,2dB,3,3dB"/>
            <Field name="RX-4 Gain Attack_Rate"       array_index="36" bit="8,10"  check_list="0,0.5ms,1,1ms,2,2ms,3,4ms,4,8ms,5,16ms,6,32ms,7,64ms"/>
            <Field name="RX-4 Gain Release_Rate"      array_index="36" bit="11,13" check_list="0,0.5ms,1,1ms,2,2ms,3,4ms,4,8ms,5,16ms,6,32ms,7,64ms"/>
            <Field name="RX-4 Gain Hysterisis"        array_index="36" bit="14,15" check_list="0,0dB,1,1dB,2,2dB,3,3dB"/>
            <Field name="RX-5 Gain Attack_Rate"       array_index="37" bit="8,10"  check_list="0,0.5ms,1,1ms,2,2ms,3,4ms,4,8ms,5,16ms,6,32ms,7,64ms"/>
            <Field name="RX-5 Gain Release_Rate"      array_index="37" bit="11,13" check_list="0,0.5ms,1,1ms,2,2ms,3,4ms,4,8ms,5,16ms,6,32ms,7,64ms"/>
            <Field name="RX-5 Gain Hysterisis"        array_index="37" bit="14,15" check_list="0,0dB,1,1dB,2,2dB,3,3dB"/>
            <Field name="RX DSP_Compression_ratio_0"  array_index="38" bit="8,15"/>
            <Field name="RX DSP_Compression_ratio_1"  array_index="39" bit="8,15"/>
            <Field name="RX DSP_Compression_ratio_2"  array_index="40" bit="8,15"/>
            <Field name="RX DSP_Compression_ratio_3"  array_index="41" bit="8,15"/>
            <Field name="RX DSP_Compression_ratio_4"  array_index="42" bit="8,15"/>
            <Field name="RX DSP_Threshold_Y0"         array_index="43" bit="4,11 "/>
            <Field name="RX DSP_Threshold_X1"         array_index="44" bit="8,15"/>
            <Field name="RX DSP_Threshold_X2"         array_index="45" bit="8,15"/>
            <Field name="RX DSP_Threshold_X3"         array_index="46" bit="8,15"/>
            <Field name="RX DSP_Threshold_X4"         array_index="47" bit="8,15"/>
            
            <!-- MagiNR(TX) -->
            <Field name="TX NR Switch" array_index="4" bit="0,0"                                        check_list="0,off,1,on"/>
            <Field name="TX NR Quick learning" array_index="4" bit="1,1"                                check_list="0,quick,1,slow"/>
            <Field name="TX NR for high frequency" array_index="4" bit="8,8"                            check_list="0,on,1,off"/>
            <Field name="TX NR suppression strength" array_index="8" bit="6,8"                          check_list="0,23dB,1,20.5dB,2,18dB,3,15.5dB,4,13dB,5,10.5dB,6,8dB,7,off"/>
            <Field name="TX Adaptive gain control" array_index="4" bit="12,13"                          check_list="0,fixed 10 dB,1, fixed 0 dB,2,vary between 10 to 6dB, 3,vary between 10 to 0dB"/>
            <Field name="TX mute 1s" array_index="10" bit="1,1"                                         check_list="0,on,1,off"/>
            <Field name="TX Ambient noise calibration" array_index="8" bit="12,13"                      check_list="0,0dB,1,3dB,2,6dB,3,9dB"/>
            <Field name="TX Handfree Tone Detection" array_index="4" bit="9,9"                          check_list="0,off,1,on"/>
            <Field name="TX expander switch" array_index="3" bit="0,1"                                  check_list="0,off,1,suppress echo,2,suppress stationary noise,3,suppress non-stationary noise"/>
            <Field name="TX expander suppression gain" array_index="3" bit="4,5"                        check_list="0,3dB,1,9dB,2,12dB,3,15dB"/>
            <Field name="TX NR Noise Adaption Rate" array_index="4" bit="10,11"                         check_list="0,722ms,1,209ms,2,62ms,3,32ms"/>
            
            <!-- MagiNR(RX) -->
            <Field name="RX NR Switch" array_index="4" bit="2,2"                                        check_list="0,off,1,on"/>
            <Field name="RX NR Strength" array_index="8" bit="9,11"                                     check_list="0,23dB,1,20.5dB,2,18dB,3,15.5dB,4,13dB,5,10.5dB,6,8dB,7,off"/>
            <Field name="RX expander switch" array_index="5" bit="0,1"                                  check_list="0,off,1, off,2,suppress stationary noise,3,suppress non-stationary noise"/>
            <Field name="RX expander suppression gain" array_index="5" bit="4,5"                        check_list="0,3dB,1,9dB,2,12dB,3,15dB"/>
            <Field name="RX Comfort Noise" array_index="10" bit="13,15"                                 check_list="0,+0dB(-83dBFS),1,+3dB,2,+6dB,3,+9dB,4,+12dB,5,+15dB,6,+18dB,7,+21dB"/>
            
            <!-- MagiAEC -->
            <Field name="AEC" array_index="1" bit="0,15"                                                check_list="189,189,221,221,224,224,253,253,479,479"/>
            <Field name="Switch" array_index="1" bit="8,8"                                              check_list="0,on,1,off"/>
            <Field name="device Mode" array_index="1" bit="0,0"                                         check_list="0,Handfree Mode,1,Normal Mode"/>
            <Field name="BGNT FE improvement control" array_index="1" bit="7,7"                         check_list="0,less aggressive,1,default"/>
            <Field name="echo path change handler" array_index="1" bit="13, 13"                         check_list="0,on,1,off"/>
            <Field name="manual clipping" array_index="0" bit="15, 15"                                  check_list="0,off,1,on"/>
            <Field name="Pre-clipping/manual clipping threshold" array_index="6" bit="0, 3"             check_list="0,-15dB,1,-14dB,2,-13dB,3,-12dB,4,-11dB,5,-10dB,6,-9dB,7,-8dB,8,-7dB,9,-6dB,10,-5dB,11,-4dB,12,-3dB,13,-2dB,14,-1dB,15,0dB"/>
            <Field name="ES switch" array_index="1" bit="1,1"                                           check_list="0,on,1,off"/>
            <Field name="residual echo weighting for linear part" array_index="2" bit="0,3"/>
            <Field name="residual echo weighting for non-linear part" array_index="2" bit="4,7"/>
            <Field name="ES" array_index="2" bit="11,14"                                                check_list="0,no bound,1,-24.1dB,2,-18.1dB,3,-14.5dB,4,-12.0dB,5,-10.1dB,6,-8.52dB,7,-7.18dB,8,-6.02dB,9,-5.00dB,10,-4.08dB,11,-3.25dB,12,-2.50dB,13,-1.80dB,14,-1.16dB,15,-0.56dB"/>
            <Field name="First Echo Suppression control" array_index="1" bit="10,10"                    check_list="0,on,1,off"/>
            <Field name="AES switch" array_index="1" bit="14,14"                                        check_list="0,on,1,off"/>
            <Field name="AES improvement" array_index="12" bit="7,7"                                    check_list="0,off,1,on"/>
            <Field name="AES" array_index="12" bit="11,14"                                              check_list="0,no bound,1,-24.1dB,2,-18.1dB,3,-14.5dB,4,-12.0dB,5,-10.1dB,6,-8.52dB,7,-7.18dB,8,-6.02dB,9,-5.00dB,10,-4.08dB,11,-3.25dB,12,-2.50dB,13,-1.80dB,14,-1.16dB,15,-0.56dB"/>
            <Field name="Comfort noise generator" array_index="1" bit="5,5"                             check_list="0,off,1,on"/>
            <Field name="Minimum comfort noise value" array_index="12" bit="0,4"/>
            <Field name="NLP Suppression behavior control" array_index="1" bit="11,11"                  check_list="0,on,1,off"/>
            <Field name="NLP" array_index="0" bit="0,7"                                                 check_list="0,0,64,64,96,96,128,128,192,192,255,255"/>
            <Field name="remove tone in echo ref" array_index="12" bit="6,6"                            check_list="0,off,1,on"/>
            <Field name="BT Delay Control" array_index="15" bit="0,7"/>
            <Field name="New echo suppression" array_index="2" bit="15,15"                              check_list="0,off,1,on"/>
            <Field name="0-2k residual echo weighting for linear part" array_index="16" bit="0,2"       check_list="0,0,1,2,2,4,3,8,4,16,5,32,6,64,7,128"/>
            <Field name="0-2k residual echo weighting for non-linear part" array_index="16" bit="3,5"   check_list="0,0,1,2,2,4,3,8,4,16,5,32,6,64,7,128"/>
            <Field name="0-2k ES smooth rate" array_index="16" bit="6,7"                                check_list="0,0,1,0.3,2,0.6,3,0.9"/>
            <Field name="0-2k ES gain lower bound" array_index="18" bit="0,4"                           check_list="0,-62dB,1,-60dB,2,-58dB,3,-56dB,4,-54dB,5,-52dB,6,-50dB,7,-48dB,8,-46dB,9,-44dB,10,-42dB,11,-40dB,12,-38dB,13,-36dB,14,-34dB,15,-32dB,16,-30dB,17,-28dB,18,-26dB,19,-24dB,20,-22dB,21,-20dB,22,-18dB,23,-16dB,24,-14dB,25,-12dB,26,-10dB,27,-8dB,28,-6dB,29,-4dB,30,-2dB,31,0dB"/>
            <Field name="0-2k ES estimated echo control" array_index="17" bit="10,11"                   check_list="0,0,1,0.3,2,0.7,3,1"/>
            <Field name="2-4k residual echo weighting for linear part" array_index="16" bit="8,10"      check_list="0,0,1,2,2,4,3,8,4,16,5,32,6,64,7,128"/>
            <Field name="2-4k residual echo weighting for non-linear part" array_index="16" bit="11,13" check_list="0,0,1,2,2,4,3,8,4,16,5,32,6,64,7,128"/>
            <Field name="2-4k ES smooth rate" array_index="16" bit="14,15"                              check_list="0,0,1,0.3,2,0.6,3,0.9"/>
            <Field name="2-4k ES gain lower bound" array_index="18" bit="5,9"                           check_list="0,-62dB,1,-60dB,2,-58dB,3,-56dB,4,-54dB,5,-52dB,6,-50dB,7,-48dB,8,-46dB,9,-44dB,10,-42dB,11,-40dB,12,-38dB,13,-36dB,14,-34dB,15,-32dB,16,-30dB,17,-28dB,18,-26dB,19,-24dB,20,-22dB,21,-20dB,22,-18dB,23,-16dB,24,-14dB,25,-12dB,26,-10dB,27,-8dB,28,-6dB,29,-4dB,30,-2dB,31,0dB"/>
            <Field name="2-4k ES estimated echo control" array_index="17" bit="12,13"                   check_list="0,0,1,0.3,2,0.7,3,1"/>
            <Field name="4-8k residual echo weighting for linear part" array_index="17" bit="0,2"       check_list="0,0,1,2,2,4,3,8,4,16,5,32,6,64,7,128"/>
            <Field name="4-8k residual echo weighting for non-linear part" array_index="17" bit="3,5"   check_list="0,0,1,2,2,4,3,8,4,16,5,32,6,64,7,128"/>
            <Field name="4-8k ES smooth rate" array_index="17" bit="6,7"                                check_list="0,0,1,0.3,2,0.6,3,0.9"/>
            <Field name="4-8k ES gain lower bound" array_index="18" bit="10,14"                         check_list="0,-62dB,1,-60dB,2,-58dB,3,-56dB,4,-54dB,5,-52dB,6,-50dB,7,-48dB,8,-46dB,9,-44dB,10,-42dB,11,-40dB,12,-38dB,13,-36dB,14,-34dB,15,-32dB,16,-30dB,17,-28dB,18,-26dB,19,-24dB,20,-22dB,21,-20dB,22,-18dB,23,-16dB,24,-14dB,25,-12dB,26,-10dB,27,-8dB,28,-6dB,29,-4dB,30,-2dB,31,0dB"/>
            <Field name="4-8k ES estimated echo control" array_index="17" bit="14,15"                   check_list="0,0,1,0.3,2,0.7,3,1"/>
            <Field name="EPC control" array_index="17" bit="8,9"                                        check_list="0,EPC handler off,1,EPC ES handling,2,EPC ES handling+strict EPC EC handling,3,EPC ES handling+EPC EC handling"/>
            <Field name="Normal mode DT improvement" array_index="18" bit="15,15"                       check_list="0,off,1,on"/>
            <Field name="ref vowel detection" array_index="1" bit="9,9"                                 check_list="0,off,1,on"/>
            <Field name="speaker nolinear model" array_index="1" bit="2,3"                              check_list="0,default,1,high band nonlinear,2,low band nonlinear,3,default"/>
            <Field name="BT mode echo ref" array_index="12" bit="15,15"                                 check_list="0,off(default),1,BT mode"/>
            <Field name="UL delay for EC tuning (ms)" array_index="15" bit="8,11"/>

            <!-- TX DRC -->
            <Field name="UL Limiter TH" array_index="3" bit="2,3"                                       check_list="0,off,1,off,2,-4.3 dBFS,3,-1.4 dBFS"/>
            <Field name="UL IIR cut off frequency" array_index="3" bit="6,7" check_list="0,off,1,175Hz,2,228Hz,3,279Hz"/>
            <Field name="75Hz high-pass IIR" array_index="3" bit="12,12"                                check_list="0,122Hz,1,75Hz"/>
            <Field name="comfort noise" array_index="4" bit="14,14"                                     check_list="0,off,1,on"/>
            <Field name="comfort noise level" array_index="10" bit="12,12"                              check_list="0,+0dB,1,-18dB"/>
            <Field name="FIR/IIR switch" array_index="10" bit="2,2"                                     check_list="0,FIR,1,IIR"/>

            <!-- MagiTDNC -->
            <Field name="TDNC switch" array_index="11" bit="0,0"                                        check_list="0,off,1,on"/>

            <!-- MagiNR(dual) -->
            <Field name="MagiNRDual switch" array_index="13" bit="0,0"                                  check_list="0,off,1,on"/>
            <Field name="MagiNRDual-NS switch" array_index="13" bit="1,1"                               check_list="0,off,1,on"/>
            <Field name="High band (>1250Hz) speech quality protection" array_index="13" bit="2,3"      check_list="0,weak,1,off,2,medium,3,strong"/>
            <Field name="MagiNRDual-NS mode" array_index="13" bit="4,5"                                 check_list="0,none,1,strong,2,medium,3,weak"/>
            <Field name="1-mic NS + expander capability" array_index="13" bit="6,7"                     check_list="0,suppress non-stationary noise,1,suppress stationary noise,2,suppress echo,3,off"/>
            <Field name="1-mic NS + expander mode" array_index="13" bit="8,8"                           check_list="0,manual,1,combo"/>
            <Field name="MagiNRDual-NC switch" array_index="13" bit="9,9"                               check_list="0,off,1,on"/>
            <Field name="1-mic NS switch" array_index="13" bit="11,11"                                  check_list="0,on,1,off"/>
            <Field name="Initial convergence improvement" array_index="13" bit="13,13"                  check_list="0,off,1,on"/>
            <Field name="BGNT with NE improvement" array_index="13" bit="14,15"                         check_list="0,off,1,weak,2,medium,3,strong"/>
            <Field name="Lower bound of MagiNRDual-NS Gain (dB)" array_index="14" bit="0,6"             check_list="0,0.07,1,0.14,2,0.21,3,0.28,4,0.35,5,0.42,6,0.49,7,0.56,8,0.63,9,0.71,10,0.78,11,0.85,12,0.93,13,1.01,14,1.08,15,1.16,16,1.24,17,1.32,18,1.40,19,1.48,20,1.56,21,1.64,22,1.72,23,1.80,24,1.89,25,1.97,26,2.06,27,2.14,28,2.23,29,2.32,30,2.41,31,2.50,32,2.59,33,2.68,34,2.77,35,2.87,36,2.96,37,3.06,38,3.16,39,3.25,40,3.35,41,3.45,42,3.56,43,3.66,44,3.76,45,3.87,46,3.97,47,4.08,48,4.19,49,4.30,50,4.41,51,4.53,52,4.64,53,4.76,54,4.88,55,5.00,56,5.12,57,5.24,58,5.37,59,5.49,60,5.62,61,5.75,62,5.89,63,6.02,64,6.16,65,6.30,66,6.44,67,6.58,68,6.73,69,6.88,70,7.03,71,7.18,72,7.34,73,7.50,74,7.66,75,7.82,76,7.99,77,8.16,78,8.34,79,8.52,80,8.70,81,8.89,82,9.08,83,9.27,84,9.47,85,9.68,86,9.89,87,10.10,88,10.32,89,10.55,90,10.78,91,11.02,92,11.26,93,11.51,94,11.77,95,12.04,96,12.32,97,12.60,98,12.90,99,13.20,100,13.52,101,13.84,102,14.19,103,14.54,104,14.91,105,15.30,106,15.70,107,16.12,108,16.57,109,17.04,110,17.53,111,18.06,112,18.62,113,19.22,114,19.87,115,20.56,116,21.32,117,22.14,118,23.06,119,24.08,120,25.24,121,26.58,122,28.16,123,30.10,124,32.60,125,36.12,126,42.14,127,Inf"/>
            <Field name="Less MagiNRDual-NS level" array_index="14" bit="7,8"                           check_list="0,off,1,weak,2,medium,3,strong"/>
            <Field name="Non-stationary noise weight" array_index="14" bit="9,10"                       check_list="0,off,1,weak,2,medium,3,strong"/>
            <Field name="Stationary noise weight" array_index="14" bit="11,12"                          check_list="0,off,1,weak,2,medium,3,strong"/>

            <!-- MagiLoudness/MagiClarity -->
            <Field name="RX expander mode" array_index="5" bit="0,1"                                    check_list="0,off,1,off,2,suppress stationary noise,3,suppress non-stationary noise"/>
            <Field name="DL Limiter TH" array_index="5" bit="2,3"                                       check_list="0,off,1,-6 dBFS,2,-4.3 dBFS,3,-1.4 dBFS"/>
            <Field name="RMS power limiter thd" array_index="5" bit="10,11"                             check_list="0,off,1,-7dBFs,2,-10dBFs,3,-14dBFs"/>
            <Field name="20ms delay" array_index="5" bit="12,12"                                       check_list="0,off,1,on"/>
            <Field name="DL IIR cut off frequency" array_index="8" bit="0,2"                             check_list="0,all-pass,1,100Hz,2,150Hz,3,200Hz,4,250Hz,5,300Hz,6,350Hz,7,400Hz"/>

            <Field name="MagiClarity DM/SM" array_index="5" bit="6,6"                                   check_list="0,Dual-mic mode,1,Single-mic mode"/>
            <Field name="MagiClarity Shape filter triggered by HF noise" array_index="5" bit="7,7"      check_list="0,off,1,on"/>
            <Field name="MagiClarity Shape filter triggered by babble noise" array_index="5" bit="8,8"  check_list="0,off,1,on"/>
            <Field name="MagiClarity Shape filter triggered by LF noise" array_index="5" bit="9,9"      check_list="0,off,1,on"/>
            <Field name="MagiClarity on/off" array_index="5" bit="13,13"                                check_list="0,on,1,off"/>

            <Field name="MagiClarity Thd1" array_index="6" bit="4,7"                                  check_list="0,-14dB,1,-12dB,2,-10dB,3,-8dB,4,-6dB,5,-4dB,6,-2dB,7,0dB,8,+2dB,9,+4dB,10,+6dB,11,+8dB,12,+10dB,13,+12dB,14,+14dB,15,+16dB"/>
            <Field name="MagiClarity Thd2" array_index="6" bit="8,8"                                  check_list="0,6dB,1,10dB"/>
            <Field name="MagiClarity release rate" array_index="6" bit="9,10"                          check_list="0,0.5dB/20ms,1,1dB/20ms,2,2dB/20ms,3,3dB/20ms"/>
            <Field name="MagiClarity RMS power limiter thd" array_index="6" bit="11,12"                 check_list="0,off,1,-7dBFs,2,-10dBFs,3,-14dBFs"/>
            <Field name="MagiClarity DL bounder threshold" array_index="6" bit="13,14"                  check_list="0,off,1,-6dBFS,2,-4.3dBFS,3,-1.4dBFS"/>
            <Field name="MagiClarity 20ms delay" array_index="6" bit="15,15"                            check_list="0,off,1,on"/>
            <Field name="MagiClarity attack time" array_index="9" bit="2,3"                             check_list="0,0.5s,1,1s,2,1.5s,3,2.0s"/>
            <Field name="MagiClarity release time" array_index="9" bit="8,10"                           check_list="0,2s,1,4s,2,8s,3,12s,4,16s,5,20s,6,24s,7,30s"/>
        </Param>
        <Param name="sph_in_fir" type="ushort_array"/>
        <Param name="sph_out_fir" type="ushort_array"/>
        <Param name="sph_in_fir_eq_freq" type="double_array"/>
        <Param name="sph_out_fir_eq_freq" type="double_array"/>
        <Param name="sph_in_fir_eq_mag" type="double_array"/>
        <Param name="sph_out_fir_eq_mag" type="double_array"/>
        <Param name="sph_in_iir_mic1_dsp" type="ushort_array"/>
        <Param name="sph_in_iir_mic1_eq_freq" type="double_array"/>
        <Param name="sph_in_iir_mic1_eq_mag" type="double_array"/>

        <Param name="sph_in_iir_mic2_dsp" type="ushort_array"/>
        <Param name="sph_in_iir_mic2_eq_freq" type="double_array"/>
        <Param name="sph_in_iir_mic2_eq_mag" type="double_array"/>

        <Param name="sph_in_iir_enh_dsp" type="ushort_array"/>
        <Param name="sph_out_iir_enh_dsp" type="ushort_array"/>
        <Param name="sph_in_iir_enh_eq_freq" type="double_array"/>
        <Param name="sph_out_iir_enh_eq_freq" type="double_array"/>
        <Param name="sph_in_iir_enh_eq_mag" type="double_array"/>
        <Param name="sph_out_iir_enh_eq_mag" type="double_array"/>
        <Param name="sph_in_parameter" type="double_array"/>
        <Param name="sph_out_parameter" type="double_array"/>
    </ParamUnit>
</ParamUnitDesc>
