<?xml version="1.0" encoding="UTF-8"?>
<ParamUnitDesc version="1.1">
	<CategoryTypeList>
		<CategoryType name="Scene" feature_option="VIR_SCENE_CUSTOMIZATION_SUPPORT">
			<Category name="Default"/>
			<Category name="App1"/>
			<Category name="App2"/>
		</CategoryType>
		<CategoryType name="Profile">
			<Category name="Handset" alias="Normal,HAC"/>
			<Category name="MagiConference" wording="2-mic NR"/>
		</CategoryType>
	</CategoryTypeList>
	<ParamUnit>
		<Param name="dmnr_para" type="ushort_array"/>
		<Param name="dmnr_para_nb1" type="ushort_array"/>
		<Param name="dmnr_para_nb2" type="ushort_array"/>
		<Param name="dmnr_para_wb2" type="ushort_array"/>
		<Param name="dmnr_para_swb1" type="ushort_array"/>
		<Param name="dmnr_para_swb2" type="ushort_array"/>
	</ParamUnit>
</ParamUnitDesc>
