<?xml version="1.0" encoding="UTF-8"?>
<ParamUnitDesc version="1.1">
	<CategoryTypeList>
		<CategoryType name="Scene" feature_option="VIR_SCENE_CUSTOMIZATION_SUPPORT">
			<Category name="Default"/>
			<Category name="App1"/>
			<Category name="App2"/>
		</CategoryType>
		<CategoryType name="Profile">
			<Category name="RCV" alias="Handset 2mic NR,Handset no 2mic NR,Normal"/>
			<Category name="HAC"/>
			<Category name="HS" alias="Headset,4-pole headset,4_pole_Headset"/>
			<Category name="HP" alias="3-pole headset,3_pole_Headset"/>
			<Category name="SPK" alias="Hands-free,Hands-free 1mic NR,Hands-free no 1mic NR,Handsfree,MagiConference"/>
			<Category name="BT earphone" alias="BT_Earphone,BT_NREC_Off"/>
			<Category name="HS5POLE" alias="5_pole_Headset,5-pole headset"/>
			<Category name="HS5POLE_ANC" alias="5-pole headset+ANC,5_pole_Headset+ANC"/>
			<Category name="USB" alias="Usb_Headset"/>
		</CategoryType>
	</CategoryTypeList>
	<ParamUnit>
		<Param name="dl_gain_visibility" type="int"/>
		<Param name="ul_gain_visibility" type="int"/>
	</ParamUnit>
</ParamUnitDesc>
