<?xml version="1.0" encoding="UTF-8"?>
<AudioParam version="1.1">
  <ParamTree>
    <Param path="RCV" param_id="0"/>
    <Param path="HAC" param_id="5"/>
    <Param path="HS" param_id="1"/>
    <Param path="HP" param_id="1"/>
    <Param path="SPK" param_id="2"/>
    <Param path="HS5POLE" param_id="4"/>
    <Param path="HS5POLE_ANC" param_id="4"/>
    <Param path="USB" param_id="1"/>
    <Param path="Default,RCV" param_id="23"/>
    <Param path="Default,HAC" param_id="23"/>
    <Param path="Default,HP" param_id="32"/>
    <Param path="Default,HS" param_id="32"/>
    <Param path="Default,SPK" param_id="33"/>
    <Param path="Default,USB" param_id="34"/>
  </ParamTree>
  <ParamUnitPool>
    <ParamUnit param_id="0">
      <Param name="dl_gain" value="22,19,16,13,10,7,4"/>
      <Param name="ul_gain" value="34"/>
    </ParamUnit>
    <ParamUnit param_id="1">
      <Param name="dl_gain" value="27,24,21,18,15,12,9"/>
      <Param name="ul_gain" value="34"/>
    </ParamUnit>
    <ParamUnit param_id="2">
      <Param name="dl_gain" value="22,19,16,13,10,7,4"/>
      <Param name="ul_gain" value="34"/>
    </ParamUnit>
    <ParamUnit param_id="4">
      <Param name="dl_gain" value="27,24,21,18,15,12,9"/>
      <Param name="ul_gain" value="24"/>
    </ParamUnit>
    <ParamUnit param_id="5">
      <Param name="dl_gain" value="22,19,16,13,10,7,4"/>
      <Param name="ul_gain" value="0"/>
    </ParamUnit>
    <ParamUnit param_id="23">
      <Param name="dl_gain" value="30,21,17,13,9,6,3"/>
      <Param name="ul_gain" value="23"/>
    </ParamUnit>
    <ParamUnit param_id="32">
      <Param name="dl_gain" value="27,24,21,18,15,12,9"/>
      <Param name="ul_gain" value="27"/>
    </ParamUnit>
    <ParamUnit param_id="33">
      <Param name="dl_gain" value="22,19,16,13,10,7,4"/>
      <Param name="ul_gain" value="27"/>
    </ParamUnit>
    <ParamUnit param_id="34">
      <Param name="dl_gain" value="27,24,21,18,12,7,1"/>
      <Param name="ul_gain" value="34"/>
    </ParamUnit>
  </ParamUnitPool>
</AudioParam>
