<?xml version="1.0" encoding="utf-8"?>
<AudioParam version="1.0">
	<ParamTree>
		<Param path="" param_id="0"/>
		<Param path="Handset 2mic NR" param_id="0"/>
		<Param path="Handset no 2mic NR" param_id="1"/>
		<Param path="3-pole headset" param_id="2"/>
		<Param path="4-pole headset" param_id="2"/>
		<Param path="5-pole headset" param_id="2"/>
		<Param path="5-pole headset+ANC" param_id="2"/>
		<Param path="BT earphone" param_id="3"/>
		<Param path="Hands-free 1mic NR" param_id="4"/>
		<Param path="Hands-free no 1mic NR" param_id="5"/>
		<Param path="BT_NREC_Off" param_id="3"/>
	</ParamTree>
	<ParamUnitPool>
		<ParamUnit param_id="0">
			<Param name="voip_mode_para" value="128,253,6212,29,57351,31,0,32,400,197,611,0,13066,371,23,0,0,0,0,0,0,0,0,0,0,0,0,0,0,0,0,0,0,0,0,0,0,0,0,0,0,0,0,0,0,0,0,0"/>
			<Param name="sph_in_fir" value="32767,0,0,0,0,0,0,0,0,0,0,0,0,0,0,0,0,0,0,0,0,0,0,0,0,0,0,0,0,0,0,0,0,0,0,0,0,0,0,0,0,0,0,0,0,0,0,0,0,0,0,0,0,0,0,0,0,0,0,0,0,0,0,0,0,0,0,0,0,0,0,0,0,0,0,0,0,0,0,0,0,0,0,0,0,0,0,0,0,0"/>
			<Param name="sph_in_fir_eq_freq" value="100,500,1000,2000,3000,4000,5000,5300,6000,7500"/>
			<Param name="sph_in_fir_eq_mag" value="1,1,4,4,5,3,2,4,8,12"/>
			<Param name="sph_in_parameter" value="0.0"/>
			<Param name="sph_out_fir" value="32767,0,0,0,0,0,0,0,0,0,0,0,0,0,0,0,0,0,0,0,0,0,0,0,0,0,0,0,0,0,0,0,0,0,0,0,0,0,0,0,0,0,0,0,0,0,0,0,0,0,0,0,0,0,0,0,0,0,0,0,0,0,0,0,0,0,0,0,0,0,0,0,0,0,0,0,0,0,0,0,0,0,0,0,0,0,0,0,0,0"/>
			<Param name="sph_out_fir_eq_freq" value="100,500,1000,2000,3000,4000,5000,5300,6000,7500"/>
			<Param name="sph_out_fir_eq_mag" value="1,1,4,4,5,3,2,4,8,12"/>
			<Param name="sph_out_parameter" value="0.0"/>
		</ParamUnit>
		<ParamUnit param_id="1">
			<Param name="voip_mode_para" value="128,253,6212,31,57351,31,0,32,80,197,611,0,13066,0,0,0,0,0,0,0,0,0,0,0,0,0,0,0,0,0,0,0,0,0,0,0,0,0,0,0,0,0,0,0,0,0,0,0"/>
			<Param name="sph_in_fir" value="32767,0,0,0,0,0,0,0,0,0,0,0,0,0,0,0,0,0,0,0,0,0,0,0,0,0,0,0,0,0,0,0,0,0,0,0,0,0,0,0,0,0,0,0,0,0,0,0,0,0,0,0,0,0,0,0,0,0,0,0,0,0,0,0,0,0,0,0,0,0,0,0,0,0,0,0,0,0,0,0,0,0,0,0,0,0,0,0,0,0"/>
			<Param name="sph_in_fir_eq_freq" value="100,500,1000,2000,3000,4000,5000,5300,6000,7500"/>
			<Param name="sph_in_fir_eq_mag" value="1,1,4,4,5,3,2,4,8,12"/>
			<Param name="sph_in_parameter" value="0.0"/>
			<Param name="sph_out_fir" value="32767,0,0,0,0,0,0,0,0,0,0,0,0,0,0,0,0,0,0,0,0,0,0,0,0,0,0,0,0,0,0,0,0,0,0,0,0,0,0,0,0,0,0,0,0,0,0,0,0,0,0,0,0,0,0,0,0,0,0,0,0,0,0,0,0,0,0,0,0,0,0,0,0,0,0,0,0,0,0,0,0,0,0,0,0,0,0,0,0,0"/>
			<Param name="sph_out_fir_eq_freq" value="100,500,1000,2000,3000,4000,5000,5300,6000,7500"/>
			<Param name="sph_out_fir_eq_mag" value="1,1,4,4,5,3,2,4,8,12"/>
			<Param name="sph_out_parameter" value="0.0"/>
		</ParamUnit>
		<ParamUnit param_id="2">
			<Param name="voip_mode_para" value="0,189,8196,31,57351,31,0,64,80,197,611,0,13066,0,0,0,0,0,0,0,0,0,0,0,0,0,0,0,0,0,0,0,0,0,0,0,0,0,0,0,0,0,0,0,0,0,0,0"/>
			<Param name="sph_in_fir" value="32767,0,0,0,0,0,0,0,0,0,0,0,0,0,0,0,0,0,0,0,0,0,0,0,0,0,0,0,0,0,0,0,0,0,0,0,0,0,0,0,0,0,0,0,0,0,0,0,0,0,0,0,0,0,0,0,0,0,0,0,0,0,0,0,0,0,0,0,0,0,0,0,0,0,0,0,0,0,0,0,0,0,0,0,0,0,0,0,0,0"/>
			<Param name="sph_in_fir_eq_freq" value="100,500,1000,2000,3000,4000,5000,5300,6000,7500"/>
			<Param name="sph_in_fir_eq_mag" value="1,1,4,4,5,3,2,4,8,12"/>
			<Param name="sph_in_parameter" value="0.0"/>
			<Param name="sph_out_fir" value="32767,0,0,0,0,0,0,0,0,0,0,0,0,0,0,0,0,0,0,0,0,0,0,0,0,0,0,0,0,0,0,0,0,0,0,0,0,0,0,0,0,0,0,0,0,0,0,0,0,0,0,0,0,0,0,0,0,0,0,0,0,0,0,0,0,0,0,0,0,0,0,0,0,0,0,0,0,0,0,0,0,0,0,0,0,0,0,0,0,0"/>
			<Param name="sph_out_fir_eq_freq" value="100,500,1000,2000,3000,4000,5000,5300,6000,7500"/>
			<Param name="sph_out_fir_eq_mag" value="1,1,4,4,5,3,2,4,8,12"/>
			<Param name="sph_out_parameter" value="0.0"/>
		</ParamUnit>
		<ParamUnit param_id="3">
			<Param name="voip_mode_para" value="0,253,8196,31,53255,31,0,0,80,197,611,0,13066,0,0,0,0,0,0,0,0,0,0,0,0,0,0,0,0,0,0,0,0,0,0,0,0,0,0,0,0,0,0,0,0,0,0,0"/>
			<Param name="sph_in_fir" value="32767,0,0,0,0,0,0,0,0,0,0,0,0,0,0,0,0,0,0,0,0,0,0,0,0,0,0,0,0,0,0,0,0,0,0,0,0,0,0,0,0,0,0,0,0,0,0,0,0,0,0,0,0,0,0,0,0,0,0,0,0,0,0,0,0,0,0,0,0,0,0,0,0,0,0,0,0,0,0,0,0,0,0,0,0,0,0,0,0,0"/>
			<Param name="sph_in_fir_eq_freq" value="100,500,1000,2000,3000,4000,5000,5300,6000,7500"/>
			<Param name="sph_in_fir_eq_mag" value="1,1,4,4,5,3,2,4,8,12"/>
			<Param name="sph_in_parameter" value="0.0"/>
			<Param name="sph_out_fir" value="32767,0,0,0,0,0,0,0,0,0,0,0,0,0,0,0,0,0,0,0,0,0,0,0,0,0,0,0,0,0,0,0,0,0,0,0,0,0,0,0,0,0,0,0,0,0,0,0,0,0,0,0,0,0,0,0,0,0,0,0,0,0,0,0,0,0,0,0,0,0,0,0,0,0,0,0,0,0,0,0,0,0,0,0,0,0,0,0,0,0"/>
			<Param name="sph_out_fir_eq_freq" value="100,500,1000,2000,3000,4000,5000,5300,6000,7500"/>
			<Param name="sph_out_fir_eq_mag" value="1,1,4,4,5,3,2,4,8,12"/>
			<Param name="sph_out_parameter" value="0.0"/>
		</ParamUnit>
		<ParamUnit param_id="4">
			<Param name="voip_mode_para" value="192,224,2218,29,57351,24607,0,4,400,197,611,0,13066,307,31,0,0,0,0,0,0,0,0,0,0,0,0,0,0,0,0,0,0,0,0,0,0,0,0,0,0,0,0,0,0,0,0,0"/>
			<Param name="sph_in_fir" value="32767,0,0,0,0,0,0,0,0,0,0,0,0,0,0,0,0,0,0,0,0,0,0,0,0,0,0,0,0,0,0,0,0,0,0,0,0,0,0,0,0,0,0,0,0,0,0,0,0,0,0,0,0,0,0,0,0,0,0,0,0,0,0,0,0,0,0,0,0,0,0,0,0,0,0,0,0,0,0,0,0,0,0,0,0,0,0,0,0,0"/>
			<Param name="sph_in_fir_eq_freq" value="100,500,1000,2000,3000,4000,5000,5300,6000,7500"/>
			<Param name="sph_in_fir_eq_mag" value="1,1,4,4,5,3,2,4,8,12"/>
			<Param name="sph_in_parameter" value="0.0"/>
			<Param name="sph_out_fir" value="32767,0,0,0,0,0,0,0,0,0,0,0,0,0,0,0,0,0,0,0,0,0,0,0,0,0,0,0,0,0,0,0,0,0,0,0,0,0,0,0,0,0,0,0,0,0,0,0,0,0,0,0,0,0,0,0,0,0,0,0,0,0,0,0,0,0,0,0,0,0,0,0,0,0,0,0,0,0,0,0,0,0,0,0,0,0,0,0,0,0"/>
			<Param name="sph_out_fir_eq_freq" value="100,500,1000,2000,3000,4000,5000,5300,6000,7500"/>
			<Param name="sph_out_fir_eq_mag" value="1,1,4,4,5,3,2,4,8,12"/>
			<Param name="sph_out_parameter" value="0.0"/>
		</ParamUnit>
		<ParamUnit param_id="5">
			<Param name="voip_mode_para" value="192,224,2218,29,57351,24607,0,4,276,197,611,0,13066,0,0,0,0,0,0,0,0,0,0,0,0,0,0,0,0,0,0,0,0,0,0,0,0,0,0,0,0,0,0,0,0,0,0,0"/>
			<Param name="sph_in_fir" value="32767,0,0,0,0,0,0,0,0,0,0,0,0,0,0,0,0,0,0,0,0,0,0,0,0,0,0,0,0,0,0,0,0,0,0,0,0,0,0,0,0,0,0,0,0,0,0,0,0,0,0,0,0,0,0,0,0,0,0,0,0,0,0,0,0,0,0,0,0,0,0,0,0,0,0,0,0,0,0,0,0,0,0,0,0,0,0,0,0,0"/>
			<Param name="sph_in_fir_eq_freq" value="100,500,1000,2000,3000,4000,5000,5300,6000,7500"/>
			<Param name="sph_in_fir_eq_mag" value="1,1,4,4,5,3,2,4,8,12"/>
			<Param name="sph_in_parameter" value="0.0"/>
			<Param name="sph_out_fir" value="32767,0,0,0,0,0,0,0,0,0,0,0,0,0,0,0,0,0,0,0,0,0,0,0,0,0,0,0,0,0,0,0,0,0,0,0,0,0,0,0,0,0,0,0,0,0,0,0,0,0,0,0,0,0,0,0,0,0,0,0,0,0,0,0,0,0,0,0,0,0,0,0,0,0,0,0,0,0,0,0,0,0,0,0,0,0,0,0,0,0"/>
			<Param name="sph_out_fir_eq_freq" value="100,500,1000,2000,3000,4000,5000,5300,6000,7500"/>
			<Param name="sph_out_fir_eq_mag" value="1,1,4,4,5,3,2,4,8,12"/>
			<Param name="sph_out_parameter" value="0.0"/>
		</ParamUnit>
	</ParamUnitPool>
</AudioParam>
