<?xml version="1.0" encoding="UTF-8"?>
<ParamUnitDesc version="1.0">
	<CategoryTypeList>
		<CategoryType name="Profile">
			<Category name="RCV" alias="Normal,Handset,Handset 2mic NR,Handset no 2mic NR,Lpbk_Handset,LPBK_RCV,Handset_SV,RCV_SV,Tty_VCO_Handset"/>
			<Category name="HS" alias="Headset,3_pole_Headset,4_pole_Headset,3-pole headset,4-pole headset,Lpbk_Headset,4-pole HS,LPBK_HP"/>
			<Category name="HP" wording="Headphone" alias="3_pole_Headset,3-pole headset"/>
			<Category name="SPK_INT" alias="SPK,Hands-free,Hands-free 1mic NR,Hands-free no 1mic NR,Handsfree,MagiConference,Speaker,Lpbk_Handsfree,LPBK_SPK,Handsfree_SV,SPK_SV,Tty_VCO_Handsfree" feature_option="SPK_PATH_INT"/>
			<Category name="SPK_LO" alias="SPK,Hands-free,Hands-free 1mic NR,Hands-free no 1mic NR,Handsfree,MagiConference,Speaker,Lpbk_Handsfree,LPBK_SPK,Handsfree_SV,SPK_SV,Tty_VCO_Handsfree" feature_option="SPK_PATH_LO"/>
			<Category name="SPK_HP" alias="SPK,Hands-free,Hands-free 1mic NR,Hands-free no 1mic NR,Handsfree,MagiConference,Speaker,Lpbk_Handsfree,LPBK_SPK,Handsfree_SV,SPK_SV,Tty_VCO_Handsfree" feature_option="SPK_PATH_HP"/>
			<Category name="SPK_NO_ANA" alias="SPK,Hands-free,Hands-free 1mic NR,Hands-free no 1mic NR,Handsfree,MagiConference,Speaker,Lpbk_Handsfree,LPBK_SPK,Handsfree_SV,SPK_SV,Tty_VCO_Handsfree" feature_option="SPK_PATH_NO_ANA"/>
			<Category name="HSSPK" alias="Headset+Speaker"/>
			<Category name="HS5POLE" alias="5-pole headset,5_pole_headset,5-pole HS"/>
			<Category name="HS5POLE_ANC" alias="5_pole_headset+ANC,5-pole headset+ANC,5-pole HS+ANC"/>
			<Category name="HAC"/>
			<Category name="BT" alias="BT earphone,BT_Earphone,BT_NREC_Off"/>
			<Category name="TTY" alias="Tty_HCO_Handset,Tty_HCO_Handsfree"/>
			<Category name="USB" alias="Usb_Headset"/>
		</CategoryType>
	</CategoryTypeList>
	<ParamUnit>
		<Param name="mic_idx_range_max" type="int"/>
		<Param name="mic_idx_range_min" type="int"/>
		<Param name="swagc_gain_map" type="short_array"/>
		<Param name="swagc_gain_map_dmic" type="short_array"/>
		<Param name="ul_pga_gain_map" type="short_array"/>
	</ParamUnit>
</ParamUnitDesc>
