<?xml version="1.0" encoding="UTF-8"?>
<AudioParam version="1.0">
  <ParamTree>
    <Param path="RCV_NORMAL" param_id="0"/>
    <Param path="RCV_2_IN_1" param_id="7"/>
    <Param path="RCV_3_IN_1" param_id="7"/>
    <Param path="RCV_NO_ANA" param_id="5"/>
    <Param path="HS" param_id="1"/>
    <Param path="SPK_INT" param_id="2"/>
    <Param path="SPK_LO" param_id="3"/>
    <Param path="SPK_HP" param_id="4"/>
    <Param path="SPK_NO_ANA" param_id="5"/>
    <Param path="HS5POLE" param_id="1"/>
    <Param path="HS5POLE_ANC" param_id="1"/>
    <Param path="HAC" param_id="0"/>
    <Param path="BT" param_id="6"/>
    <Param path="TTY" param_id="1"/>
    <Param path="USB" param_id="5"/>
  </ParamTree>
  <ParamUnitPool>
    <ParamUnit param_id="0">
      <Param name="dl_total_gain" value="8,7,6,5,4,3,2,1,0,-1,-2,-3,-4,-5,-6,-7,-8,-9,-10,-11,-12,-13,-14,-15,-16,-17,-18,-19,-20,-21,-22,-23,-24,-25,-26,-27,-28,-29,-30,-31,-32"/>
      <Param name="dl_analog_gain" value="8,7,6,5,4,3,2,1,0,-1,-2,-3,-4,-5,-6,-7,-8,-9,-10,-10,-10,-10,-10,-10,-10,-10,-10,-10,-10,-10,-10,-10,-10,-10,-10,-10,-10,-10,-10,-10,-10"/>
      <Param name="dl_digital_gain" value="0,0,0,0,0,0,0,0,0,0,0,0,0,0,0,0,0,0,0,-1,-2,-3,-4,-5,-6,-7,-8,-9,-10,-11,-12,-13,-14,-15,-16,-17,-18,-19,-20,-21,-22"/>
      <Param name="dl_total_gain_decimal" value="160,156,152,148,144,140,136,132,128,124,120,116,112,108,104,100,96,92,88,84,80,76,72,68,64,60,56,52,48,44,40,36,32,28,24,20,16,12,8,4,0"/>
      <Param name="dl_analog_type" value="0"/>
    </ParamUnit>
    <ParamUnit param_id="1">
      <Param name="dl_total_gain" value="2,1,0,-1,-2,-3,-4,-5,-6,-7,-8,-9,-10,-11,-12,-13,-14,-15,-16,-17,-18,-19,-20,-21,-22,-23,-24,-25,-26,-27,-28,-29,-30,-31,-32,-33,-34,-35,-36,-37,-38"/>
      <Param name="dl_analog_gain" value="2,2,2,2,2,2,2,2,2,2,2,2,2,2,2,2,2,2,2,2,2,2,2,2,2,2,2,2,2,2,2,2,2,2,2,2,2,2,2,2,2"/>
      <Param name="dl_digital_gain" value="0,-1,-2,-3,-4,-5,-6,-7,-8,-9,-10,-11,-12,-13,-14,-15,-16,-17,-18,-19,-20,-21,-22,-23,-24,-25,-26,-27,-28,-29,-30,-31,-32,-33,-34,-35,-36,-37,-38,-39,-40"/>
      <Param name="dl_total_gain_decimal" value="160,156,152,148,144,140,136,132,128,124,120,116,112,108,104,100,96,92,88,84,80,76,72,68,64,60,56,52,48,44,40,36,32,28,24,20,16,12,8,4,0"/>
      <Param name="dl_analog_type" value="1"/>
    </ParamUnit>
    <ParamUnit param_id="2">
      <Param name="dl_total_gain" value="17,16,15,14,13,12,11,10,9,8,7,6,5,4,3,2,1,0,-1,-2,-3,-4,-5,-6,-7,-8,-9,-10,-11,-12,-13,-14,-15,-16,-17,-18,-19,-20,-21,-22,-23"/>
      <Param name="dl_analog_gain" value="17,16,15,14,13,12,12,12,12,12,12,12,12,12,12,12,12,12,12,12,12,12,12,12,12,12,12,12,12,12,12,12,12,12,12,12,12,12,12,12,12"/>
      <Param name="dl_digital_gain" value="0,0,0,0,0,0,-1,-2,-3,-4,-5,-6,-7,-8,-9,-10,-11,-12,-13,-14,-15,-16,-17,-18,-19,-20,-21,-22,-23,-24,-25,-26,-27,-28,-29,-30,-31,-32,-33,-34,-35"/>
      <Param name="dl_total_gain_decimal" value="160,156,152,148,144,140,136,132,128,124,120,116,112,108,104,100,96,92,88,84,80,76,72,68,64,60,56,52,48,44,40,36,32,28,24,20,16,12,8,4,0"/>
      <Param name="dl_analog_type" value="2"/>
    </ParamUnit>
    <ParamUnit param_id="3">
      <Param name="dl_total_gain" value="-1,-2,-3,-4,-5,-6,-7,-8,-9,-10,-11,-12,-13,-14,-15,-16,-17,-18,-19,-20,-21,-22,-23,-24,-25,-26,-27,-28,-29,-30,-31,-32,-33,-34,-35,-36,-37,-38,-39,-40,-41"/>
      <Param name="dl_analog_gain" value="-1,-1,-1,-1,-1,-1,-1,-1,-1,-1,-1,-1,-1,-1,-1,-1,-1,-1,-1,-1,-1,-1,-1,-1,-1,-1,-1,-1,-1,-1,-1,-1,-1,-1,-1,-1,-1,-1,-1,-1,-1"/>
      <Param name="dl_digital_gain" value="0,-1,-2,-3,-4,-5,-6,-7,-8,-9,-10,-11,-12,-13,-14,-15,-16,-17,-18,-19,-20,-21,-22,-23,-24,-25,-26,-27,-28,-29,-30,-31,-32,-33,-34,-35,-36,-37,-38,-39,-40"/>
      <Param name="dl_total_gain_decimal" value="160,156,152,148,144,140,136,132,128,124,120,116,112,108,104,100,96,92,88,84,80,76,72,68,64,60,56,52,48,44,40,36,32,28,24,20,16,12,8,4,0"/>
      <Param name="dl_analog_type" value="3"/>
    </ParamUnit>
    <ParamUnit param_id="4">
      <Param name="dl_total_gain" value="2,1,0,-1,-2,-3,-4,-5,-6,-7,-8,-9,-10,-11,-12,-13,-14,-15,-16,-17,-18,-19,-20,-21,-22,-23,-24,-25,-26,-27,-28,-29,-30,-31,-32,-33,-34,-35,-36,-37,-38"/>
      <Param name="dl_analog_gain" value="2,2,2,2,2,2,2,2,2,2,2,2,2,2,2,2,2,2,2,2,2,2,2,2,2,2,2,2,2,2,2,2,2,2,2,2,2,2,2,2,2"/>
      <Param name="dl_digital_gain" value="0,-1,-2,-3,-4,-5,-6,-7,-8,-9,-10,-11,-12,-13,-14,-15,-16,-17,-18,-19,-20,-21,-22,-23,-24,-25,-26,-27,-28,-29,-30,-31,-32,-33,-34,-35,-36,-37,-38,-39,-40"/>
      <Param name="dl_total_gain_decimal" value="160,156,152,148,144,140,136,132,128,124,120,116,112,108,104,100,96,92,88,84,80,76,72,68,64,60,56,52,48,44,40,36,32,28,24,20,16,12,8,4,0"/>
      <Param name="dl_analog_type" value="1"/>
    </ParamUnit>
    <ParamUnit param_id="5">
      <Param name="dl_total_gain" value="0,-1,-2,-3,-4,-5,-6,-7,-8,-9,-10,-11,-12,-13,-14,-15,-16,-17,-18,-19,-20,-21,-22,-23,-24,-25,-26,-27,-28,-29,-30,-31,-32,-33,-34,-35,-36,-37,-38,-39,-40"/>
      <Param name="dl_analog_gain" value="0,0,0,0,0,0,0,0,0,0,0,0,0,0,0,0,0,0,0,0,0,0,0,0,0,0,0,0,0,0,0,0,0,0,0,0,0,0,0,0,0"/>
      <Param name="dl_digital_gain" value="0,-1,-2,-3,-4,-5,-6,-7,-8,-9,-10,-11,-12,-13,-14,-15,-16,-17,-18,-19,-20,-21,-22,-23,-24,-25,-26,-27,-28,-29,-30,-31,-32,-33,-34,-35,-36,-37,-38,-39,-40"/>
      <Param name="dl_total_gain_decimal" value="160,156,152,148,144,140,136,132,128,124,120,116,112,108,104,100,96,92,88,84,80,76,72,68,64,60,56,52,48,44,40,36,32,28,24,20,16,12,8,4,0"/>
      <Param name="dl_analog_type" value="-1"/>
    </ParamUnit>
    <ParamUnit param_id="6">
      <Param name="dl_total_gain" value="0,-1,-2,-3,-4,-5,-6,-7,-8,-9,-10,-11,-12,-13,-14,-15,-16,-17,-18,-19,-20,-21,-22,-23,-24,-25,-26,-27,-28,-29,-30,-31,-32,-33,-34,-35,-36,-37,-38,-39,-40,-41,-42,-43,-44,-45,-46,-47,-48,-49,-50,-51,-52,-53,-54,-55,-56,-57,-58,-59,-60,-61,-62,-63,-64"/>
      <Param name="dl_analog_gain" value="-40,-40,-40,-40,-40,-40,-40,-40,-40,-40,-40,-40,-40,-40,-40,-40,-40,-40,-40,-40,-40,-40,-40,-40,-40,-40,-40,-40,-40,-40,-40,-40,-40,-40,-40,-40,-40,-40,-40,-40,-40,-40,-40,-40,-40,-40,-40,-40,-40,-40,-40,-40,-40,-40,-40,-40,-40,-40,-40,-40,-40,-40,-40,-40,-40"/>
      <Param name="dl_digital_gain" value="0,-1,-2,-3,-4,-5,-6,-7,-8,-9,-10,-11,-12,-13,-14,-15,-16,-17,-18,-19,-20,-21,-22,-23,-24,-25,-26,-27,-28,-29,-30,-31,-32,-33,-34,-35,-36,-37,-38,-39,-40,-41,-42,-43,-44,-45,-46,-47,-48,-49,-50,-51,-52,-53,-54,-55,-56,-57,-58,-59,-60,-61,-62,-63,-64"/>
      <Param name="dl_total_gain_decimal" value="255,252,248,244,240,236,232,228,224,220,216,212,208,204,200,196,192,188,184,180,176,172,168,164,160,156,152,148,144,140,136,132,128,124,120,116,112,108,104,100,96,92,88,84,80,76,72,68,64,60,56,52,48,44,40,36,32,28,24,20,16,12,8,4,0"/>
      <Param name="dl_analog_type" value="-1"/>
    </ParamUnit>
    <ParamUnit param_id="7">
      <Param name="dl_total_gain" value="2,1,0,-1,-2,-3,-4,-5,-6,-7,-8,-9,-10,-11,-12,-13,-14,-15,-16,-17,-18,-19,-20,-21,-22,-23,-24,-25,-26,-27,-28,-29,-30,-31,-32,-33,-34,-35,-36,-37,-38"/>
      <Param name="dl_analog_gain" value="8,7,6,6,6,6,6,6,6,6,6,6,6,6,6,6,6,6,6,6,6,6,6,6,6,6,6,6,6,6,6,6,6,6,6,6,6,6,6,6,6"/>
      <Param name="dl_digital_gain" value="0,0,0,-1,-2,-3,-4,-5,-6,-7,-8,-9,-10,-11,-12,-13,-14,-15,-16,-17,-18,-19,-20,-21,-22,-23,-24,-25,-26,-27,-28,-29,-30,-31,-32,-33,-34,-35,-36,-37,-38"/>
      <Param name="dl_total_gain_decimal" value="160,156,152,148,144,140,136,132,128,124,120,116,112,108,104,100,96,92,88,84,80,76,72,68,64,60,56,52,48,44,40,36,32,28,24,20,16,12,8,4,0"/>
      <Param name="dl_analog_type" value="2"/>
    </ParamUnit>
  </ParamUnitPool>
</AudioParam>
