<?xml version="1.0" encoding="UTF-8"?>
<AudioParam version="1.0">
  <ParamTree>
    <Param path="RCV" param_id="0"/>
    <Param path="HS" param_id="0"/>
    <Param path="HP" param_id="0"/>
    <Param path="SPK_INT" param_id="0"/>
    <Param path="SPK_LO" param_id="0"/>
    <Param path="SPK_HP" param_id="0"/>
    <Param path="SPK_NO_ANA" param_id="0"/>
    <Param path="HSSPK" param_id="0"/>
    <Param path="HS5POLE" param_id="0"/>
    <Param path="HS5POLE_ANC" param_id="0"/>
    <Param path="HAC" param_id="0"/>
    <Param path="BT" param_id="0"/>
    <Param path="TTY" param_id="0"/>
    <Param path="USB" param_id="1"/>
  </ParamTree>
  <ParamUnitPool>
    <ParamUnit param_id="0">
      <Param name="mic_idx_range_max" value="45"/>
      <Param name="mic_idx_range_min" value="0"/>
      <Param name="swagc_gain_map" value="25,24,23,22,21,20,19,18,17,16,15,14,13,12,11,16,15,14,13,12,11,16,15,14,13,12,11,16,15,14,13,12,11,16,15,14,13,12,11,10,9,8,7,6,5,4"/>
      <Param name="swagc_gain_map_dmic" value="28,27,26,25,24,23,22,21,20,19,18,17,16,15,14,13,12,11,10,9,8,7,6,5,4,3,2,1,0,-1,-1,-2,-2,-3,-3,-4,-4,-5,-5,-6,-6,-7,-7,-8,-8,-9"/>
      <Param name="ul_pga_gain_map" value="6,6,6,6,6,6,6,6,6,6,6,6,6,6,6,12,12,12,12,12,12,18,18,18,18,18,18,24,24,24,24,24,24,30,30,30,30,30,30,30,30,30,30,30,30,30"/>
    </ParamUnit>
    <ParamUnit param_id="1">
      <Param name="mic_idx_range_max" value="45"/>
      <Param name="mic_idx_range_min" value="0"/>
      <Param name="swagc_gain_map" value="28,27,26,25,24,23,22,21,20,19,18,17,16,15,14,13,12,11,10,9,8,7,6,5,4,3,2,1,0,0,0,0,0,0,0,0,0,0,0,0,0,0,0,0,0,0"/>
      <Param name="swagc_gain_map_dmic" value="28,27,26,25,24,23,22,21,20,19,18,17,16,15,14,13,12,11,10,9,8,7,6,5,4,3,2,1,0,0,0,0,0,0,0,0,0,0,0,0,0,0,0,0,0,0"/>
      <Param name="ul_pga_gain_map" value="0,0,0,0,0,0,0,0,0,0,0,0,0,0,0,0,0,0,0,0,0,0,0,0,0,0,0,0,0,0,0,0,0,0,0,0,0,0,0,0,0,0,0,0,0,0"/>
    </ParamUnit>
  </ParamUnitPool>
</AudioParam>
