<?xml version="1.0" encoding="UTF-8"?>
<ParamUnitDesc version="1.0">
	<CategoryTypeList>
		<CategoryType name="Profile">
			<Category name="RCV_NORMAL" alias="RCV,Normal,Handset,Handset 2mic NR,Handset no 2mic NR,Lpbk_Handset,LPBK_RCV,Handset_SV,RCV_SV,Tty_HCO_Handset" feature_option="RCV_PATH_INT"/>
			<Category name="RCV_2_IN_1" alias="RCV,Normal,Handset,Handset 2mic NR,Handset no 2mic NR,Lpbk_Handset,LPBK_RCV,Handset_SV,RCV_SV,Tty_HCO_Handset" feature_option="RCV_PATH_2_IN_1_SPK"/>
			<Category name="RCV_3_IN_1" alias="RCV,Normal,Handset,Handset 2mic NR,Handset no 2mic NR,Lpbk_Handset,LPBK_RCV,Handset_SV,RCV_SV,Tty_HCO_Handset" feature_option="RCV_PATH_3_IN_1_SPK"/>
			<Category name="RCV_NO_ANA" alias="RCV,Normal,Handset,Handset 2mic NR,Handset no 2mic NR,Lpbk_Handset,LPBK_RCV,Handset_SV,RCV_SV,Tty_HCO_Handset" feature_option="RCV_PATH_NO_ANA"/>

			<Category name="HS" alias="Headset,3_pole_Headset,4_pole_Headset,3-pole headset,4-pole headset,Lpbk_Headset,HP,LPBK_HP"/>
			<Category name="SPK_INT" alias="SPK,Hands-free,Hands-free 1mic NR,Hands-free no 1mic NR,Handsfree,MagiConference,Speaker,Lpbk_Handsfree,LPBK_SPK,Handsfree_SV,SPK_SV,Tty_HCO_Handsfree" feature_option="SPK_PATH_INT"/>
			<Category name="SPK_LO" alias="SPK,Hands-free,Hands-free 1mic NR,Hands-free no 1mic NR,Handsfree,MagiConference,Speaker,Lpbk_Handsfree,LPBK_SPK,Handsfree_SV,SPK_SV,Tty_HCO_Handsfree" feature_option="SPK_PATH_LO"/>
			<Category name="SPK_HP" alias="SPK,Hands-free,Hands-free 1mic NR,Hands-free no 1mic NR,Handsfree,MagiConference,Speaker,Lpbk_Handsfree,LPBK_SPK,Handsfree_SV,SPK_SV,Tty_HCO_Handsfree" feature_option="SPK_PATH_HP"/>
			<Category name="SPK_NO_ANA" alias="SPK,Hands-free,Hands-free 1mic NR,Hands-free no 1mic NR,Handsfree,MagiConference,Speaker,Lpbk_Handsfree,LPBK_SPK,Handsfree_SV,SPK_SV,Tty_HCO_Handsfree" feature_option="SPK_PATH_NO_ANA"/>

			<Category name="HSSPK" alias="Headset+Speaker"/>
			<Category name="HS5POLE" alias="5-pole headset,5_pole_headset"/>
			<Category name="HS5POLE_ANC" alias="5_pole_headset+ANC,5-pole headset+ANC"/>
			<Category name="HAC"/>
			<Category name="BT" alias="BT earphone"/>
			<Category name="TTY" alias="Tty_VCO_Handset,Tty_VCO_Handsfree"/>
			<Category name="USB" alias="USB Headset,Usb_Headset"/>
		</CategoryType>
	</CategoryTypeList>
	<ParamUnit>
		<Param name="dl_total_gain" type="short_array"/>
		<Param name="dl_digital_gain" type="short_array"/>
		<Param name="dl_analog_gain" type="short_array"/>
		<Param name="dl_total_gain_decimal" type="short_array"/>
		<Param name="dl_analog_type" type="int"/><!-- the corresponding analog type for dl_analog_gain -->
		<!--<Param name="dl_analog_gain_2" type="short_array"/>-->
		<!--<Param name="dl_analog_type_2" type="short"/>-->
	</ParamUnit>
</ParamUnitDesc>
