<?xml version="1.0" encoding="ISO-8859-1" ?>
<DSM>
    <param name="SETGET_ENABLE" id="1">
        <params type="float" value="0" currentv="123.000000" />
    </param>
    <param name="SETGET_COILTEMP_THRESHOLD" id="2">
        <params type="float" value="19" currentv="123.000000" />
    </param>
    <param name="SETGET_XCL_THRESHOLD" id="3">
        <params type="float" value="27" currentv="123.000000" />
    </param>
    <param name="SETGET_LIMITERS_RELTIME" id="4">
        <params type="float" value="30" currentv="123.000000" />
    </param>
    <param name="SETGET_MAKEUP_GAIN" id="5">
        <params type="float" value="29" currentv="123.000000" />
    </param>
    <param name="SETGET_RDC_AT_ROOMTEMP" id="6">
        <params type="float" value="27" currentv="123.000000" />
    </param>
    <param name="COPPER_CONSTANT" id="7">
        <params type="float" value="30" currentv="123.000000" />
    </param>
    <param name="SETGET_COLDTEMP" id="8">
        <params type="float" value="19" currentv="123.000000" />
    </param>
    <param name="SETGET_PITONE_GAIN" id="9">
        <params type="float" value="31" currentv="123.000000" />
    </param>
    <param name="SETGET_LEAD_RESISTANCE" id="10">
        <params type="float" value="27" currentv="123.000000" />
    </param>
    <param name="SETGET_HPCUTOFF_FREQ" id="11">
        <params type="float" value="9" currentv="123.000000" />
    </param>
    <param name="SETGET_LFX_GAIN" id="12">
        <params type="float" value="30" currentv="123.000000" />
    </param>
    <param name="SETGET_REF_FC" id="13">
        <params type="float" value="9" currentv="123.000000" />
    </param>
    <param name="SETGET_REF_Q" id="14">
        <params type="float" value="29" currentv="123.000000" />
    </param>
    <param name="INIT_F_Q_FILTERS" id="15">
        <params type="float" value="0" currentv="123.000000" />
    </param>
    <param name="GET_ADAPTIVE_FC" id="16">
        <params type="float" value="9" currentv="123.000000" />
    </param>
    <param name="GET_ADAPTIVE_Q" id="17">
        <params type="float" value="29" currentv="123.000000" />
    </param>
    <param name="GET_ADAPTIVE_DC_RES" id="18">
        <params type="float" value="27" currentv="123.000000" />
    </param>
    <param name="GET_ADAPTIVE_COILTEMP" id="19">
        <params type="float" value="19" currentv="123.000000" />
    </param>
    <param name="GET_EXCURSION" id="20">
        <params type="float" value="27" currentv="123.000000" />
    </param>
    <param name="GET_PCM_INPUT_DATA" id="21">
        <params type="float" value="0" currentv="123.000000" />
    </param>
    <param name="GET_IV_DATA" id="22">
        <params type="float" value="0" currentv="123.000000" />
    </param>
    <param name="GET_PCM_AND_IV_DATA" id="23">
        <params type="float" value="0" currentv="123.000000" />
    </param>
    <param name="GET_PCM_OUTPUT_DATA" id="24">
        <params type="float" value="0" currentv="123.000000" />
    </param>
    <param name="SETGET_VLIMIT_RELEASE_TIME" id="25">
        <params type="float" value="27" currentv="123.000000" />
    </param>
    <param name="SETGET_VLIMIT" id="26">
        <params type="float" value="27" currentv="123.000000" />
    </param>
    <param name="SETGET_ROOM_TEMP" id="27">
        <params type="float" value="0" currentv="123.000000" />
    </param>
    <param name="SETGET_PILOT_ENABLE" id="28">
        <params type="float" value="0" currentv="123.000000" />
    </param>
    <param name="SETGET_CLIP_ENABLE" id="29">
        <params type="float" value="0" currentv="123.000000" />
    </param>
    <param name="SETGET_EXC_ENABLE" id="30">
        <params type="float" value="0" currentv="123.000000" />
    </param>
    <param name="SETGET_THERMAL_ENABLE" id="31">
        <params type="float" value="0" currentv="123.000000" />
    </param>
    <param name="SETGET_EQ_BAND_FC" id="32">
        <params type="float" value="9" currentv="123.000000" />
    </param>
    <param name="SETGET_EQ_BAND_Q" id="33">
        <params type="float" value="29" currentv="123.000000" />
    </param>
    <param name="SETGET_EQ_BAND_ATTENUATION_DB" id="34">
        <params type="float" value="20" currentv="123.000000" />
    </param>
    <param name="SET_EQ_BAND_COEFF_UPDATE" id="35">
        <params type="float" value="0" currentv="123.000000" />
    </param>
    <param name="SETGET_EQ_BAND_ENABLE" id="36">
        <params type="float" value="0" currentv="123.000000" />
    </param>
    <param name="SETGET_EQ_BAND_DISABLE" id="37">
        <params type="float" value="0" currentv="123.000000" />
    </param>
    <param name="GET_ZIMP_A1" id="38">
        <params type="float" value="28" currentv="123.000000" />
    </param>
    <param name="GET_ZIMP_A2" id="39">
        <params type="float" value="28" currentv="123.000000" />
    </param>
    <param name="GET_ZIMP_B0" id="40">
        <params type="float" value="28" currentv="123.000000" />
    </param>
    <param name="GET_ZIMP_B1" id="41">
        <params type="float" value="28" currentv="123.000000" />
    </param>
    <param name="GET_ZIMP_B2" id="42">
        <params type="float" value="28" currentv="123.000000" />
    </param>
    <param name="SETGET_EQ1_A1" id="43">
        <params type="float" value="28" currentv="123.000000" />
    </param>
    <param name="SETGET_EQ1_A2" id="44">
        <params type="float" value="28" currentv="123.000000" />
    </param>
    <param name="SETGET_EQ1_B0" id="45">
        <params type="float" value="28" currentv="123.000000" />
    </param>
    <param name="SETGET_EQ1_B1" id="46">
        <params type="float" value="28" currentv="123.000000" />
    </param>
    <param name="SETGET_EQ1_B2" id="47">
        <params type="float" value="28" currentv="123.000000" />
    </param>
    <param name="SETGET_EQ2_A1" id="48">
        <params type="float" value="28" currentv="123.000000" />
    </param>
    <param name="SETGET_EQ2_A2" id="49">
        <params type="float" value="28" currentv="123.000000" />
    </param>
    <param name="SETGET_EQ2_B0" id="50">
        <params type="float" value="28" currentv="123.000000" />
    </param>
    <param name="SETGET_EQ2_B1" id="51">
        <params type="float" value="28" currentv="123.000000" />
    </param>
    <param name="SETGET_EQ2_B2" id="52">
        <params type="float" value="28" currentv="123.000000" />
    </param>
    <param name="SETGET_EQ3_A1" id="53">
        <params type="float" value="28" currentv="123.000000" />
    </param>
    <param name="SETGET_EQ3_A2" id="54">
        <params type="float" value="28" currentv="123.000000" />
    </param>
    <param name="SETGET_EQ3_B0" id="55">
        <params type="float" value="28" currentv="123.000000" />
    </param>
    <param name="SETGET_EQ3_B1" id="56">
        <params type="float" value="28" currentv="123.000000" />
    </param>
    <param name="SETGET_EQ3_B2" id="57">
        <params type="float" value="28" currentv="123.000000" />
    </param>
    <param name="SETGET_EQ4_A1" id="58">
        <params type="float" value="28" currentv="123.000000" />
    </param>
    <param name="SETGET_EQ4_A2" id="59">
        <params type="float" value="28" currentv="123.000000" />
    </param>
    <param name="SETGET_EQ4_B0" id="60">
        <params type="float" value="28" currentv="123.000000" />
    </param>
    <param name="SETGET_EQ4_B1" id="61">
        <params type="float" value="28" currentv="123.000000" />
    </param>
    <param name="SETGET_EQ4_B2" id="62">
        <params type="float" value="28" currentv="123.000000" />
    </param>
    <param name="SETGET_TRAJECTORY" id="63">
        <params type="float" value="0" currentv="123.000000" />
    </param>
    <param name="GET_FFTTRACK_FC" id="64">
        <params type="float" value="0" currentv="123.000000" />
    </param>
    <param name="SET_UPDATE_DELAY" id="65">
        <params type="float" value="0" currentv="123.000000" />
    </param>
    <param name="SETGET_DELAY" id="66">
        <params type="float" value="0" currentv="123.000000" />
    </param>
    <param name="GET_MAXIMUM_DELAY" id="67">
        <params type="float" value="0" currentv="123.000000" />
    </param>
    <param name="SETGET_ENABLE_FAST_FC" id="68">
        <params type="float" value="0" currentv="123.000000" />
    </param>
    <param name="SETGET_MEASURE_DELAY" id="69">
        <params type="float" value="0" currentv="123.000000" />
    </param>
    <param name="SETGET_ENABLE_LOGGING" id="70">
        <params type="float" value="0" currentv="123.000000" />
    </param>
    <param name="SETGET_SPEAKER_PARAM_LFX_A1" id="71">
        <params type="float" value="28" currentv="123.000000" />
    </param>
    <param name="SETGET_SPEAKER_PARAM_LFX_A2" id="72">
        <params type="float" value="28" currentv="123.000000" />
    </param>
    <param name="SETGET_SPEAKER_PARAM_LFX_B0" id="73">
        <params type="float" value="28" currentv="123.000000" />
    </param>
    <param name="SETGET_SPEAKER_PARAM_LFX_B1" id="74">
        <params type="float" value="28" currentv="123.000000" />
    </param>
    <param name="SETGET_SPEAKER_PARAM_LFX_B2" id="75">
        <params type="float" value="28" currentv="123.000000" />
    </param>
    <param name="SETGET_SPEAKER_PARAM_TCTH1" id="76">
        <params type="float" value="20" currentv="123.000000" />
    </param>
    <param name="SETGET_SPEAKER_PARAM_TCTH2" id="77">
        <params type="float" value="20" currentv="123.000000" />
    </param>
    <param name="SETGET_SPEAKER_PARAM_RTH1" id="78">
        <params type="float" value="24" currentv="123.000000" />
    </param>
    <param name="SETGET_SPEAKER_PARAM_RTH2" id="79">
        <params type="float" value="23" currentv="123.000000" />
    </param>
    <param name="SETGET_SPEAKER_PARAM_ADMIT_A1" id="80">
        <params type="float" value="30" currentv="123.000000" />
    </param>
    <param name="SETGET_SPEAKER_PARAM_ADMIT_A2" id="81">
        <params type="float" value="30" currentv="123.000000" />
    </param>
    <param name="SETGET_SPEAKER_PARAM_ADMIT_B0" id="82">
        <params type="float" value="30" currentv="123.000000" />
    </param>
    <param name="SETGET_SPEAKER_PARAM_ADMIT_B1" id="83">
        <params type="float" value="30" currentv="123.000000" />
    </param>
    <param name="SETGET_SPEAKER_PARAM_ADMIT_B2" id="84">
        <params type="float" value="30" currentv="123.000000" />
    </param>
    <param name="SETGET_SPEAKER_PARAM_UPDATE" id="85">
        <params type="float" value="0" currentv="123.000000" />
    </param>
    <param name="SETGET_FC_RESET_COUNT" id="86">
        <params type="float" value="0" currentv="123.000000" />
    </param>
    <param name="SETGET_GENERATE_SINE_WAVE" id="87">
        <params type="float" value="0" currentv="123.000000" />
    </param>
    <param name="GET_FIRMWARE_BUILD_TIME" id="88">
        <params type="float" value="-1" currentv="0" />
    </param>
    <param name="GET_FIRMWARE_BUILD_DATE" id="89">
        <params type="float" value="-1" currentv="0" />
    </param>
    <param name="GET_FIRMWARE_VERSION" id="90">
        <params type="float" value="-1" currentv="0" />
    </param>
    <param name="GET_CHIPSET_MODEL" id="91">
        <params type="float" value="-1" currentv="0" />
    </param>
    <param name="GET_ENDIAN" id="92">
        <params type="float" value="0" currentv="123.000000" />
    </param>
    <param name="SETGET_SINE_WAVE_GAIN" id="93">
        <params type="float" value="15" currentv="123.000000" />
    </param>
    <param name="SETGET_VIRTUAL_V_ENABLE" id="94">
        <params type="float" value="0" currentv="123.000000" />
    </param>
    <param name="SETGET_FORCED_VIRTUAL_V" id="95">
        <params type="float" value="0" currentv="123.000000" />
    </param>
    <param name="SETGET_I_SHIFT_BITS" id="96">
        <params type="float" value="0" currentv="123.000000" />
    </param>
    <param name="SETGET_EXC_FUNC_GAIN_ADJUSTED" id="97">
        <params type="float" value="0" currentv="123.000000" />
    </param>
    <param name="FADE_IN_TIME_MS" id="98">
        <params type="float" value="0" currentv="123.000000" />
    </param>
    <param name="FADE_OUT_TIME_MS" id="99">
        <params type="float" value="0" currentv="123.000000" />
    </param>
    <param name="FADE_OUT_MUTE_TIME_MS" id="100">
        <params type="float" value="0" currentv="123.000000" />
    </param>
    <param name="FADE_IN_MUTE_ENALE" id="101">
        <params type="float" value="0" currentv="123.000000" />
    </param>
    <param name="FADE_OUT_MUTE_ENALE" id="102">
        <params type="float" value="0" currentv="123.000000" />
    </param>
    <param name="ENABLE_MULTICHAN_LINKING" id="103">
        <params type="float" value="0" currentv="123.000000" />
    </param>
    <param name="ENABLE_SMART_PT" id="104">
        <params type="float" value="0" currentv="123.000000" />
    </param>
    <param name="PILOTTONE_SILENCE_THRESHOLD" id="105">
        <params type="float" value="0" currentv="123.000000" />
    </param>
    <param name="SILENCE_PILOTTONE_GAIN" id="106">
        <params type="float" value="31" currentv="123.000000" />
    </param>
    <param name="SILENCE_FRAMES" id="107">
        <params type="float" value="0" currentv="123.000000" />
    </param>
    <param name="PILOTTONE_TRANSITION_FRAMES" id="108">
        <params type="float" value="0" currentv="123.000000" />
    </param>
    <param name="LARGE_PILOTTONE_THRESHOLD" id="109">
        <params type="float" value="0" currentv="123.000000" />
    </param>
    <param name="LARGE_PILOTTONE_GAIN" id="110">
        <params type="float" value="31" currentv="123.000000" />
    </param>
    <param name="ENABLE_XCL_LIMITER" id="111">
        <params type="float" value="0" currentv="0" />
    </param>
</DSM>
