<?xml version="1.0" encoding="ISO-8859-1" ?>
<DSM>
    <param usecase="1">
        <params id="6" currentv="1.66" />
        <params id="13" currentv="730" />
        <params id="14" currentv="2.2" />
        <params id="15" currentv="1" />
        <params id="12" currentv="0.5" />
        <params id="2" currentv="100" />
        <params id="5" currentv="2.5" />
    </param>
    <param usecase="2">
        <params id="6" currentv="1.94" />
        <params id="3" currentv="0.70" />
        <params id="9" currentv="0.01" />
        <params id="11" currentv="100" />
        <params id="13" currentv="780.6" />
        <params id="14" currentv="2.132" />
        <params id="15" currentv="1" />
        <params id="12" currentv="0.3" />
        <params id="2" currentv="90" />
        <params id="5" currentv="2" />
        <params id="71" currentv="-0.584833" />
        <params id="72" currentv="0.779609" />
        <params id="73" currentv="7.864015" />
        <params id="74" currentv="-4.264444" />
        <params id="75" currentv="5.112413" />
        <params id="80" currentv="-1.931832" />
        <params id="81" currentv="0.942124" />
        <params id="82" currentv="0.134564" />
        <params id="83" currentv="-0.264935" />
        <params id="84" currentv="0.131782" />
        <params id="76" currentv="2.2" />
        <params id="77" currentv="131.6" />
        <params id="78" currentv="53.5" />
        <params id="79" currentv="53.5" />
        <params id="85" currentv="1" />
    </param>
</DSM>
