{
    "meta": {
        "name": "e7420 20200516",
        "author": "yc@coolapk(powered by wipe-v2)",
        "features": "touch cpuload render standby sfanalysis"
    },
    "common": {
        "noteSwitchInode": "接收性能模式切换的inode节点",
        "switchInode": "/data/uperf_powermode",
        "noteVerboseLog": "开启详细日志，用于调试Hint切换",
        "verboseLog": false,
        "noteUxAffinity": "开启UX线程自动设置，固定高优先级的UX线程到大核，并限制低优先级线程的需求响应",
        "uxAffinity": true,
        "stateTransThd": {
            "noteLoad": "系统负载为所有核心的负载总和，单个核心负载=频率(Ghz)*效率(A53@1.0g为100)*负载(%)",
            "noteHeavyload": "进入HeavyLoad的系统负载阈值",
            "noteIdleload": "退出HeavyLoad的系统负载阈值",
            "noteBurstSlack": "在上一次HeavyLoad结束后，负载低于idle保持1.0秒，并且在requestBurstSlack这段时间内没有HeavyLoad请求，才能响应新的HeavyLoad",
            "heavyLoad": 1400,
            "idleLoad": 800,
            "requestBurstSlack": 3000
        },
        "dispatch": [
            {
                "hint": "None",
                "action": "normal",
                "maxDuration": 0,
                "note": "无Hint的常规状态"
            },
            {
                "hint": "Tap",
                "action": "interaction",
                "maxDuration": 1500,
                "note": "在刚触摸到屏幕切换的Hint"
            },
            {
                "hint": "Swipe",
                "action": "interaction",
                "maxDuration": 3000,
                "note": "在屏幕滑动一段距离后切换的Hint"
            },
            {
                "hint": "HeavyLoad",
                "action": "heavyLoad",
                "maxDuration": 2000,
                "note": "在Tap或Swipe检测到重负载后切换，负载降低后回落到Tap"
            },
            {
                "hint": "AndroidAM",
                "action": "heavyLoad",
                "maxDuration": 1500,
                "note": "在ActivityManager活跃时触发的Hint，例如无input事件的屏下指纹解锁"
            },
            {
                "hint": "Standby",
                "action": "standby",
                "maxDuration": 0,
                "note": "屏幕熄灭时的Hint"
            },
            {
                "hint": "SfLag",
                "action": "sfLag",
                "maxDuration": 15,
                "note": "给Surfaceflinger的渲染提交出现滞后的Hint"
            }
        ]
    },
    "platform": {
        "noteClusterCpuId": "集群的CPU代表id",
        "clusterCpuId": [
            0,
            4
        ],
        "noteEfficiency": "每个CPU核心的的相对同频性能，以Cortex-A53@1.0g为100",
        "efficiency": [
            100,
            100,
            100,
            100,
            150,
            150,
            150,
            150
        ],
        "knobs": [
            {
                "name": "cpuFreqMax",
                "path": "/sys/devices/system/cpu/cpu%d/cpufreq/scaling_max_freq",
                "type": "cpufreq",
                "enable": true,
                "note": "集群最大频率，单位为100Mhz"
            },
            {
                "name": "cpuFreqMin",
                "path": "/sys/devices/system/cpu/cpu%d/cpufreq/scaling_min_freq",
                "type": "cpufreq",
                "enable": true,
                "note": "集群最小频率，单位为100Mhz"
            },
            {
                "name": "littleHidelay",
                "path": "/sys/devices/system/cpu/cpu0/cpufreq/interactive/above_hispeed_delay",
                "type": "string",
                "enable": true,
                "note": "小核的above_hispeed_delay"
            },
            {
                "name": "littleHifreq",
                "path": "/sys/devices/system/cpu/cpu0/cpufreq/interactive/hispeed_freq",
                "type": "string",
                "enable": true,
                "note": "小核的hispeed_freq"
            },
            {
                "name": "littleHiload",
                "path": "/sys/devices/system/cpu/cpu0/cpufreq/interactive/go_hispeed_load",
                "type": "string",
                "enable": true,
                "note": "小核的go_hispeed_load"
            },
            {
                "name": "littleTgload",
                "path": "/sys/devices/system/cpu/cpu0/cpufreq/interactive/target_loads",
                "type": "string",
                "enable": true,
                "note": "小核的target_loads"
            },
            {
                "name": "littleMinSample",
                "path": "/sys/devices/system/cpu/cpu0/cpufreq/interactive/min_sample_time",
                "type": "string",
                "enable": true,
                "note": "小核的min_sample_time"
            },
            {
                "name": "littleHyst",
                "path": "/sys/devices/system/cpu/cpu0/cpufreq/interactive/max_freq_hysteresis",
                "type": "string",
                "enable": true,
                "note": "小核的max_freq_hysteresis"
            },
            {
                "name": "bigHidelay",
                "path": "/sys/devices/system/cpu/cpu4/cpufreq/interactive/above_hispeed_delay",
                "type": "string",
                "enable": true,
                "note": "大核的above_hispeed_delay"
            },
            {
                "name": "bigHifreq",
                "path": "/sys/devices/system/cpu/cpu4/cpufreq/interactive/hispeed_freq",
                "type": "string",
                "enable": true,
                "note": "大核的hispeed_freq"
            },
            {
                "name": "bigHiload",
                "path": "/sys/devices/system/cpu/cpu4/cpufreq/interactive/go_hispeed_load",
                "type": "string",
                "enable": true,
                "note": "大核的go_hispeed_load"
            },
            {
                "name": "bigTgload",
                "path": "/sys/devices/system/cpu/cpu4/cpufreq/interactive/target_loads",
                "type": "string",
                "enable": true,
                "note": "大核的target_loads"
            },
            {
                "name": "bigMinSample",
                "path": "/sys/devices/system/cpu/cpu4/cpufreq/interactive/min_sample_time",
                "type": "string",
                "enable": true,
                "note": "大核的min_sample_time"
            },
            {
                "name": "bigHyst",
                "path": "/sys/devices/system/cpu/cpu4/cpufreq/interactive/max_freq_hysteresis",
                "type": "string",
                "enable": true,
                "note": "大核的max_freq_hysteresis"
            },
            {
                "name": "uxAffinity",
                "path": "placeholder",
                "type": "uxaffinity",
                "enable": true,
                "note": "动态设置是否固定高优先级UX线程到大核集群"
            }
        ]
    },
    "powermodes": [
        {
            "name": "balance",
            "note": "均衡模式，比原厂略流畅的同时略省电(相对卡顿百分比 49.9% 相对续航 112.5%)",
            "actions": {
                "normal": {
                    "cpuFreqMax": "16,22",
                    "cpuFreqMin": "4,8",
                    "littleHidelay": "58000 1200000:98000 1300000:38000",
                    "littleHifreq": "1100000",
                    "littleHiload": "87",
                    "littleTgload": "52 500000:54 700000:33 800000:50 900000:38 1000000:36 1100000:71 1200000:91 1300000:41 1400000:76 1500000:32",
                    "littleMinSample": "18000",
                    "littleHyst": "18000",
                    "bigHidelay": "98000 1100000:18000 1200000:98000 1300000:58000 1500000:38000 1600000:98000",
                    "bigHifreq": "900000",
                    "bigHiload": "59",
                    "bigTgload": "69 900000:6 1000000:97 1100000:87 1200000:89 1300000:9 1400000:48 1500000:37 1600000:18 1700000:76 1800000:98 2000000:99",
                    "bigMinSample": "18000",
                    "bigHyst": "18000",
                    "uxAffinity": "0"
                },
                "interaction": {
                    "cpuFreqMax": "15,18",
                    "cpuFreqMin": "4,11",
                    "littleHidelay": "58000 1200000:98000 1300000:38000",
                    "littleHifreq": "1100000",
                    "littleHiload": "87",
                    "littleTgload": "52 500000:54 700000:33 800000:50 900000:38 1000000:36 1100000:71 1200000:91 1300000:41 1400000:76 1500000:32",
                    "littleMinSample": "18000",
                    "littleHyst": "18000",
                    "bigHidelay": "98000 1100000:18000 1200000:98000 1300000:58000 1500000:38000 1600000:98000",
                    "bigHifreq": "900000",
                    "bigHiload": "59",
                    "bigTgload": "69 900000:6 1000000:97 1100000:87 1200000:89 1300000:9 1400000:48 1500000:37 1600000:18 1700000:76 1800000:98 2000000:99",
                    "bigMinSample": "18000",
                    "bigHyst": "18000",
                    "uxAffinity": "1"
                },
                "heavyLoad": {
                    "cpuFreqMax": "99,99",
                    "cpuFreqMin": "10,10",
                    "littleHidelay": "18000",
                    "littleHifreq": "1200000",
                    "littleHiload": "90",
                    "littleTgload": "70 1500000:90",
                    "littleMinSample": "18000",
                    "littleHyst": "78000",
                    "bigHidelay": "18000 1800000:78000",
                    "bigHifreq": "1500000",
                    "bigHiload": "90",
                    "bigTgload": "70 1800000:95",
                    "bigMinSample": "18000",
                    "bigHyst": "18000",
                    "uxAffinity": "1"
                },
                "standby": {
                    "cpuFreqMax": "13,17",
                    "cpuFreqMin": "3,3",
                    "littleHidelay": "18000",
                    "littleHifreq": "1000000",
                    "littleHiload": "95",
                    "littleTgload": "90",
                    "littleMinSample": "18000",
                    "littleHyst": "18000",
                    "bigHidelay": "38000",
                    "bigHifreq": "1400000",
                    "bigHiload": "95",
                    "bigTgload": "90",
                    "bigMinSample": "18000",
                    "bigHyst": "18000",
                    "uxAffinity": "0"
                },
                "sfLag": {
                    "cpuFreqMax": "15,19",
                    "cpuFreqMin": "12,18",
                    "uxAffinity": "1"
                }
            }
        },
        {
            "name": "powersave",
            "note": "卡顿模式，保证基本流畅的同时尽可能降低功耗(相对卡顿百分比 99.9% 相对续航 125.3%)",
            "actions": {
                "normal": {
                    "cpuFreqMax": "16,22",
                    "cpuFreqMin": "4,8",
                    "littleHidelay": "58000 1100000:78000 1200000:58000 1300000:78000 1400000:18000",
                    "littleHifreq": "900000",
                    "littleHiload": "88",
                    "littleTgload": "68 500000:57 600000:62 700000:20 800000:46 900000:28 1000000:4 1100000:36 1200000:55 1300000:60 1400000:45 1500000:60",
                    "littleMinSample": "18000",
                    "littleHyst": "18000",
                    "bigHidelay": "98000 1100000:78000 1200000:38000 1300000:58000 1400000:98000",
                    "bigHifreq": "900000",
                    "bigHiload": "87",
                    "bigTgload": "77 900000:20 1000000:98 1100000:92 1200000:31 1300000:47 1400000:97 1500000:98 1600000:19 1700000:41 1800000:99 1896000:96 2000000:97",
                    "bigMinSample": "18000",
                    "bigHyst": "18000",
                    "uxAffinity": "0"
                },
                "interaction": {
                    "cpuFreqMax": "15,18",
                    "cpuFreqMin": "5,10",
                    "littleHidelay": "58000 1100000:78000 1200000:58000 1300000:78000 1400000:18000",
                    "littleHifreq": "900000",
                    "littleHiload": "88",
                    "littleTgload": "68 500000:57 600000:62 700000:20 800000:46 900000:28 1000000:4 1100000:36 1200000:55 1300000:60 1400000:45 1500000:60",
                    "littleMinSample": "18000",
                    "littleHyst": "18000",
                    "bigHidelay": "98000 1100000:78000 1200000:38000 1300000:58000 1400000:98000",
                    "bigHifreq": "900000",
                    "bigHiload": "87",
                    "bigTgload": "77 900000:20 1000000:98 1100000:92 1200000:31 1300000:47 1400000:97 1500000:98 1600000:19 1700000:41 1800000:99 1896000:96 2000000:97",
                    "bigMinSample": "18000",
                    "bigHyst": "18000",
                    "uxAffinity": "0"
                },
                "heavyLoad": {
                    "cpuFreqMax": "99,99",
                    "cpuFreqMin": "10,10",
                    "littleHidelay": "18000",
                    "littleHifreq": "1200000",
                    "littleHiload": "90",
                    "littleTgload": "70 1500000:90",
                    "littleMinSample": "18000",
                    "littleHyst": "78000",
                    "bigHidelay": "18000 1800000:78000",
                    "bigHifreq": "1500000",
                    "bigHiload": "90",
                    "bigTgload": "70 1800000:95",
                    "bigMinSample": "18000",
                    "bigHyst": "18000",
                    "uxAffinity": "1"
                },
                "standby": {
                    "cpuFreqMax": "13,17",
                    "cpuFreqMin": "3,3",
                    "littleHidelay": "18000",
                    "littleHifreq": "1000000",
                    "littleHiload": "95",
                    "littleTgload": "90",
                    "littleMinSample": "18000",
                    "littleHyst": "18000",
                    "bigHidelay": "38000",
                    "bigHifreq": "1400000",
                    "bigHiload": "95",
                    "bigTgload": "90",
                    "bigMinSample": "18000",
                    "bigHyst": "18000",
                    "uxAffinity": "0"
                },
                "sfLag": {
                    "cpuFreqMax": "15,18",
                    "cpuFreqMin": "12,15",
                    "uxAffinity": "1"
                }
            }
        },
        {
            "name": "performance",
            "note": "费电模式，保证费电的同时多一点流畅度",
            "actions": {
                "normal": {
                    "cpuFreqMax": "16,22",
                    "cpuFreqMin": "4,8",
                    "littleHidelay": "18000",
                    "littleHifreq": "1200000",
                    "littleHiload": "90",
                    "littleTgload": "70 1500000:90",
                    "littleMinSample": "18000",
                    "littleHyst": "78000",
                    "bigHidelay": "18000 1800000:78000",
                    "bigHifreq": "1500000",
                    "bigHiload": "90",
                    "bigTgload": "70 1800000:95",
                    "bigMinSample": "18000",
                    "bigHyst": "18000",
                    "uxAffinity": "1"
                },
                "interaction": {
                    "cpuFreqMax": "13,19",
                    "cpuFreqMin": "12,18",
                    "littleHidelay": "18000",
                    "littleHifreq": "1200000",
                    "littleHiload": "90",
                    "littleTgload": "70 1500000:90",
                    "littleMinSample": "18000",
                    "littleHyst": "78000",
                    "bigHidelay": "18000 1800000:78000",
                    "bigHifreq": "1500000",
                    "bigHiload": "90",
                    "bigTgload": "70 1800000:95",
                    "bigMinSample": "18000",
                    "bigHyst": "18000",
                    "uxAffinity": "1"
                },
                "heavyLoad": {
                    "cpuFreqMax": "99,99",
                    "cpuFreqMin": "10,10",
                    "littleHidelay": "18000",
                    "littleHifreq": "1200000",
                    "littleHiload": "90",
                    "littleTgload": "70 1500000:90",
                    "littleMinSample": "18000",
                    "littleHyst": "78000",
                    "bigHidelay": "18000 1800000:78000",
                    "bigHifreq": "1500000",
                    "bigHiload": "90",
                    "bigTgload": "70 1800000:95",
                    "bigMinSample": "18000",
                    "bigHyst": "18000",
                    "uxAffinity": "1"
                },
                "standby": {
                    "cpuFreqMax": "15,18",
                    "cpuFreqMin": "3,3",
                    "littleHidelay": "18000",
                    "littleHifreq": "1000000",
                    "littleHiload": "95",
                    "littleTgload": "90",
                    "littleMinSample": "18000",
                    "littleHyst": "18000",
                    "bigHidelay": "38000",
                    "bigHifreq": "1400000",
                    "bigHiload": "95",
                    "bigTgload": "90",
                    "bigMinSample": "18000",
                    "bigHyst": "18000",
                    "uxAffinity": "0"
                },
                "sfLag": {
                    "cpuFreqMax": "16,22",
                    "cpuFreqMin": "15,21",
                    "uxAffinity": "1"
                }
            }
        }
    ]
}