{
    "meta": {
        "name": "sdm820-hmp 20200516",
        "author": "yc@coolapk(powered by wipe-v2)",
        "features": "touch cpuload render standby sfanalysis"
    },
    "common": {
        "noteSwitchInode": "接收性能模式切换的inode节点",
        "switchInode": "/data/uperf_powermode",
        "noteVerboseLog": "开启详细日志，用于调试Hint切换",
        "verboseLog": false,
        "noteUxAffinity": "开启UX线程自动设置，固定高优先级的UX线程到大核，并限制低优先级线程的需求响应",
        "uxAffinity": true,
        "stateTransThd": {
            "noteLoad": "系统负载为所有核心的负载总和，单个核心负载=频率(Ghz)*效率(A53@1.0g为100)*负载(%)",
            "noteHeavyload": "进入HeavyLoad的系统负载阈值",
            "noteIdleload": "退出HeavyLoad的系统负载阈值",
            "noteBurstSlack": "在上一次HeavyLoad结束后，负载低于idle保持1.0秒，并且在requestBurstSlack这段时间内没有HeavyLoad请求，才能响应新的HeavyLoad",
            "heavyLoad": 860,
            "idleLoad": 490,
            "requestBurstSlack": 3000
        },
        "dispatch": [
            {
                "hint": "None",
                "action": "normal",
                "maxDuration": 0,
                "note": "无Hint的常规状态"
            },
            {
                "hint": "Tap",
                "action": "interaction",
                "maxDuration": 1500,
                "note": "在刚触摸到屏幕切换的Hint"
            },
            {
                "hint": "Swipe",
                "action": "interaction",
                "maxDuration": 3000,
                "note": "在屏幕滑动一段距离后切换的Hint"
            },
            {
                "hint": "HeavyLoad",
                "action": "heavyLoad",
                "maxDuration": 2000,
                "note": "在Tap或Swipe检测到重负载后切换，负载降低后回落到Tap"
            },
            {
                "hint": "AndroidAM",
                "action": "heavyLoad",
                "maxDuration": 1500,
                "note": "在ActivityManager活跃时触发的Hint，例如无input事件的屏下指纹解锁"
            },
            {
                "hint": "Standby",
                "action": "standby",
                "maxDuration": 0,
                "note": "屏幕熄灭时的Hint"
            },
            {
                "hint": "SfLag",
                "action": "sfLag",
                "maxDuration": 15,
                "note": "给Surfaceflinger的渲染提交出现滞后的Hint"
            }
        ]
    },
    "platform": {
        "noteClusterCpuId": "集群的CPU代表id",
        "clusterCpuId": [
            0,
            2
        ],
        "noteEfficiency": "每个CPU核心的的相对同频性能，以Cortex-A53@1.0g为100",
        "efficiency": [
            150,
            150,
            160,
            160
        ],
        "knobs": [
            {
                "name": "cpuFreqMax",
                "path": "/sys/devices/system/cpu/cpu%d/cpufreq/scaling_max_freq",
                "type": "cpufreq",
                "enable": true,
                "note": "集群最大频率，单位为100Mhz"
            },
            {
                "name": "cpuFreqMin",
                "path": "/sys/devices/system/cpu/cpu%d/cpufreq/scaling_min_freq",
                "type": "cpufreq",
                "enable": true,
                "note": "集群最小频率，单位为100Mhz"
            },
            {
                "name": "cpuOnlineMin",
                "path": "/sys/devices/system/cpu/cpu%d/core_ctl/min_cpus",
                "type": "percluster",
                "enable": true,
                "note": "集群的最小核心启用数量，是任务调度器的参数并非热插拔参数"
            },
            {
                "name": "littleHidelay",
                "path": "/sys/devices/system/cpu/cpu0/cpufreq/interactive/above_hispeed_delay",
                "type": "string",
                "enable": true,
                "note": "小核的above_hispeed_delay"
            },
            {
                "name": "littleHifreq",
                "path": "/sys/devices/system/cpu/cpu0/cpufreq/interactive/hispeed_freq",
                "type": "string",
                "enable": true,
                "note": "小核的hispeed_freq"
            },
            {
                "name": "littleHiload",
                "path": "/sys/devices/system/cpu/cpu0/cpufreq/interactive/go_hispeed_load",
                "type": "string",
                "enable": true,
                "note": "小核的go_hispeed_load"
            },
            {
                "name": "littleTgload",
                "path": "/sys/devices/system/cpu/cpu0/cpufreq/interactive/target_loads",
                "type": "string",
                "enable": true,
                "note": "小核的target_loads"
            },
            {
                "name": "littleMinSample",
                "path": "/sys/devices/system/cpu/cpu0/cpufreq/interactive/min_sample_time",
                "type": "string",
                "enable": true,
                "note": "小核的min_sample_time"
            },
            {
                "name": "littleHyst",
                "path": "/sys/devices/system/cpu/cpu0/cpufreq/interactive/max_freq_hysteresis",
                "type": "string",
                "enable": true,
                "note": "小核的max_freq_hysteresis"
            },
            {
                "name": "bigHidelay",
                "path": "/sys/devices/system/cpu/cpu2/cpufreq/interactive/above_hispeed_delay",
                "type": "string",
                "enable": true,
                "note": "大核的above_hispeed_delay"
            },
            {
                "name": "bigHifreq",
                "path": "/sys/devices/system/cpu/cpu2/cpufreq/interactive/hispeed_freq",
                "type": "string",
                "enable": true,
                "note": "大核的hispeed_freq"
            },
            {
                "name": "bigHiload",
                "path": "/sys/devices/system/cpu/cpu2/cpufreq/interactive/go_hispeed_load",
                "type": "string",
                "enable": true,
                "note": "大核的go_hispeed_load"
            },
            {
                "name": "bigTgload",
                "path": "/sys/devices/system/cpu/cpu2/cpufreq/interactive/target_loads",
                "type": "string",
                "enable": true,
                "note": "大核的target_loads"
            },
            {
                "name": "bigMinSample",
                "path": "/sys/devices/system/cpu/cpu2/cpufreq/interactive/min_sample_time",
                "type": "string",
                "enable": true,
                "note": "大核的min_sample_time"
            },
            {
                "name": "bigHyst",
                "path": "/sys/devices/system/cpu/cpu2/cpufreq/interactive/max_freq_hysteresis",
                "type": "string",
                "enable": true,
                "note": "大核的max_freq_hysteresis"
            },
            {
                "name": "downmigrate",
                "path": "/proc/sys/kernel/sched_downmigrate",
                "type": "string",
                "enable": true,
                "note": "如果任务负载占小核容量的百分比小于此阈值，迁移到小核"
            },
            {
                "name": "upmigrate",
                "path": "/proc/sys/kernel/sched_upmigrate",
                "type": "string",
                "enable": true,
                "note": "如果任务负载占小核容量的百分比大于此阈值，迁移到大核"
            },
            {
                "name": "downmigrate2",
                "path": "/proc/sys/kernel/sched_downmigrate",
                "type": "string",
                "enable": true,
                "note": "如果任务负载占小核容量的百分比小于此阈值，迁移到小核，解决down>up的情况"
            },
            {
                "name": "ddrBwMax",
                "path": "/sys/class/devfreq/soc:qcom,cpubw/max_freq",
                "type": "string",
                "enable": true,
                "note": "DDR最大带宽"
            },
            {
                "name": "ddrBwMin",
                "path": "/sys/class/devfreq/soc:qcom,cpubw/min_freq",
                "type": "string",
                "enable": true,
                "note": "DDR最小带宽"
            },
            {
                "name": "ddrLatBig",
                "path": "/sys/class/devfreq/soc:qcom,memlat-cpu2/mem_latency/ratio_ceil",
                "type": "string",
                "enable": true,
                "note": "大核DDR延迟控制，在DDR命中率降低时，值越大越容易提升DDR频率"
            },
            {
                "name": "uxAffinity",
                "path": "placeholder",
                "type": "uxaffinity",
                "enable": true,
                "note": "动态设置是否固定高优先级UX线程到大核集群"
            }
        ]
    },
    "powermodes": [
        {
            "name": "balance",
            "note": "均衡模式，比原厂略流畅的同时略省电(相对卡顿百分比 49.9% 相对续航 110.2%)",
            "actions": {
                "normal": {
                    "cpuFreqMax": "16,22",
                    "cpuFreqMin": "3,3",
                    "cpuOnlineMin": "2,2",
                    "littleHidelay": "58000 1190000:18000 1228000:78000 1324000:58000 1401000:38000 1478000:18000",
                    "littleHifreq": "1036000",
                    "littleHiload": "98",
                    "littleTgload": "75 422000:24 480000:54 556000:58 652000:68 729000:76 844000:77 960000:98 1036000:87 1113000:42 1190000:54 1228000:79 1324000:84 1401000:27 1478000:47 1593000:55",
                    "littleMinSample": "18000",
                    "littleHyst": "18000",
                    "bigHidelay": "98000 806000:78000 940000:58000 1036000:18000 1248000:38000 1478000:58000 1555000:78000 1632000:18000 1708000:98000 1785000:58000 1824000:18000 1920000:98000 1996000:58000 2073000:78000",
                    "bigHifreq": "652000",
                    "bigHiload": "83",
                    "bigTgload": "64 403000:87 480000:28 556000:45 652000:40 729000:60 806000:57 883000:54 940000:57 1036000:66 1113000:94 1190000:93 1248000:84 1324000:89 1401000:40 1478000:42 1555000:35 1632000:23 1708000:72 1785000:97 1824000:78 1920000:92 1996000:95 2073000:97",
                    "bigMinSample": "18000",
                    "bigHyst": "18000",
                    "downmigrate": "45",
                    "upmigrate": "45",
                    "downmigrate2": "45",
                    "ddrBwMax": "12000",
                    "ddrBwMin": "0",
                    "ddrLatBig": "400",
                    "uxAffinity": "1"
                },
                "interaction": {
                    "cpuFreqMax": "15,18",
                    "cpuFreqMin": "4,4",
                    "cpuOnlineMin": "2,2",
                    "littleHidelay": "58000 1190000:18000 1228000:78000 1324000:58000 1401000:38000 1478000:18000",
                    "littleHifreq": "1036000",
                    "littleHiload": "98",
                    "littleTgload": "75 422000:24 480000:54 556000:58 652000:68 729000:76 844000:77 960000:98 1036000:87 1113000:42 1190000:54 1228000:79 1324000:84 1401000:27 1478000:47 1593000:55",
                    "littleMinSample": "18000",
                    "littleHyst": "18000",
                    "bigHidelay": "98000 806000:78000 940000:58000 1036000:18000 1248000:38000 1478000:58000 1555000:78000 1632000:18000 1708000:98000 1785000:58000 1824000:18000 1920000:98000 1996000:58000 2073000:78000",
                    "bigHifreq": "652000",
                    "bigHiload": "83",
                    "bigTgload": "64 403000:87 480000:28 556000:45 652000:40 729000:60 806000:57 883000:54 940000:57 1036000:66 1113000:94 1190000:93 1248000:84 1324000:89 1401000:40 1478000:42 1555000:35 1632000:23 1708000:72 1785000:97 1824000:78 1920000:92 1996000:95 2073000:97",
                    "bigMinSample": "18000",
                    "bigHyst": "18000",
                    "downmigrate": "30",
                    "upmigrate": "58",
                    "downmigrate2": "30",
                    "ddrBwMax": "12000",
                    "ddrBwMin": "5000",
                    "ddrLatBig": "800",
                    "uxAffinity": "1"
                },
                "heavyLoad": {
                    "cpuFreqMax": "99,99",
                    "cpuFreqMin": "10,10",
                    "cpuOnlineMin": "2,2",
                    "littleHidelay": "18000",
                    "littleHifreq": "1200000",
                    "littleHiload": "90",
                    "littleTgload": "70 1500000:90",
                    "littleMinSample": "18000",
                    "littleHyst": "78000",
                    "bigHidelay": "18000 1800000:78000",
                    "bigHifreq": "1500000",
                    "bigHiload": "90",
                    "bigTgload": "70 1800000:95",
                    "bigMinSample": "18000",
                    "bigHyst": "18000",
                    "downmigrate": "40",
                    "upmigrate": "80",
                    "downmigrate2": "40",
                    "ddrBwMax": "14000",
                    "ddrBwMin": "11000",
                    "ddrLatBig": "800",
                    "uxAffinity": "1"
                },
                "standby": {
                    "cpuFreqMax": "11,19",
                    "cpuFreqMin": "3,3",
                    "cpuOnlineMin": "1,0",
                    "littleHidelay": "18000",
                    "littleHifreq": "1000000",
                    "littleHiload": "95",
                    "littleTgload": "90",
                    "littleMinSample": "18000",
                    "littleHyst": "18000",
                    "bigHidelay": "38000",
                    "bigHifreq": "1400000",
                    "bigHiload": "95",
                    "bigTgload": "90",
                    "bigMinSample": "18000",
                    "bigHyst": "18000",
                    "downmigrate": "95",
                    "upmigrate": "95",
                    "downmigrate2": "95",
                    "ddrBwMax": "12000",
                    "ddrBwMin": "0",
                    "ddrLatBig": "200",
                    "uxAffinity": "0"
                },
                "sfLag": {
                    "cpuFreqMax": "16,21",
                    "cpuFreqMin": "15,20",
                    "ddrBwMin": "11000",
                    "uxAffinity": "1"
                }
            }
        },
        {
            "name": "powersave",
            "note": "卡顿模式，保证基本流畅的同时尽可能降低功耗(相对卡顿百分比 99.9% 相对续航 136.5%)",
            "actions": {
                "normal": {
                    "cpuFreqMax": "16,22",
                    "cpuFreqMin": "3,3",
                    "cpuOnlineMin": "2,2",
                    "littleHidelay": "38000 1036000:58000 1113000:98000 1190000:78000 1228000:38000 1324000:58000 1401000:98000 1478000:38000",
                    "littleHifreq": "960000",
                    "littleHiload": "93",
                    "littleTgload": "55 422000:40 480000:48 556000:40 652000:76 729000:75 844000:91 960000:77 1036000:70 1113000:30 1190000:38 1228000:60 1324000:86 1401000:89 1478000:33 1593000:61",
                    "littleMinSample": "18000",
                    "littleHyst": "18000",
                    "bigHidelay": "58000 652000:78000 806000:38000 940000:78000 1036000:18000 1190000:58000 1248000:78000 1324000:38000 1401000:78000 1478000:38000 1555000:98000 1632000:38000 1708000:98000 1785000:58000 1824000:98000 1920000:38000 1996000:78000 2073000:58000",
                    "bigHifreq": "556000",
                    "bigHiload": "50",
                    "bigTgload": "80 403000:77 480000:28 556000:66 652000:16 729000:33 806000:43 883000:34 940000:59 1036000:69 1113000:91 1190000:78 1248000:87 1324000:71 1401000:14 1478000:31 1555000:26 1632000:35 1708000:70 1785000:32 1824000:58 1920000:90 1996000:50 2073000:83",
                    "bigMinSample": "18000",
                    "bigHyst": "18000",
                    "downmigrate": "45",
                    "upmigrate": "45",
                    "downmigrate2": "45",
                    "ddrBwMax": "12000",
                    "ddrBwMin": "0",
                    "ddrLatBig": "400",
                    "uxAffinity": "1"
                },
                "interaction": {
                    "cpuFreqMax": "14,18",
                    "cpuFreqMin": "3,3",
                    "cpuOnlineMin": "2,2",
                    "littleHidelay": "38000 1036000:58000 1113000:98000 1190000:78000 1228000:38000 1324000:58000 1401000:98000 1478000:38000",
                    "littleHifreq": "960000",
                    "littleHiload": "93",
                    "littleTgload": "55 422000:40 480000:48 556000:40 652000:76 729000:75 844000:91 960000:77 1036000:70 1113000:30 1190000:38 1228000:60 1324000:86 1401000:89 1478000:33 1593000:61",
                    "littleMinSample": "18000",
                    "littleHyst": "18000",
                    "bigHidelay": "58000 652000:78000 806000:38000 940000:78000 1036000:18000 1190000:58000 1248000:78000 1324000:38000 1401000:78000 1478000:38000 1555000:98000 1632000:38000 1708000:98000 1785000:58000 1824000:98000 1920000:38000 1996000:78000 2073000:58000",
                    "bigHifreq": "556000",
                    "bigHiload": "50",
                    "bigTgload": "80 403000:77 480000:28 556000:66 652000:16 729000:33 806000:43 883000:34 940000:59 1036000:69 1113000:91 1190000:78 1248000:87 1324000:71 1401000:14 1478000:31 1555000:26 1632000:35 1708000:70 1785000:32 1824000:58 1920000:90 1996000:50 2073000:83",
                    "bigMinSample": "18000",
                    "bigHyst": "18000",
                    "downmigrate": "44",
                    "upmigrate": "60",
                    "downmigrate2": "44",
                    "ddrBwMax": "12000",
                    "ddrBwMin": "5000",
                    "ddrLatBig": "400",
                    "uxAffinity": "1"
                },
                "heavyLoad": {
                    "cpuFreqMax": "99,99",
                    "cpuFreqMin": "10,10",
                    "cpuOnlineMin": "2,2",
                    "littleHidelay": "18000",
                    "littleHifreq": "1200000",
                    "littleHiload": "90",
                    "littleTgload": "70 1500000:90",
                    "littleMinSample": "18000",
                    "littleHyst": "78000",
                    "bigHidelay": "18000 1800000:78000",
                    "bigHifreq": "1500000",
                    "bigHiload": "90",
                    "bigTgload": "70 1800000:95",
                    "bigMinSample": "18000",
                    "bigHyst": "18000",
                    "downmigrate": "40",
                    "upmigrate": "80",
                    "downmigrate2": "40",
                    "ddrBwMax": "12000",
                    "ddrBwMin": "5000",
                    "ddrLatBig": "800",
                    "uxAffinity": "1"
                },
                "standby": {
                    "cpuFreqMax": "11,19",
                    "cpuFreqMin": "3,3",
                    "cpuOnlineMin": "1,0",
                    "littleHidelay": "18000",
                    "littleHifreq": "1000000",
                    "littleHiload": "95",
                    "littleTgload": "90",
                    "littleMinSample": "18000",
                    "littleHyst": "18000",
                    "bigHidelay": "38000",
                    "bigHifreq": "1400000",
                    "bigHiload": "95",
                    "bigTgload": "90",
                    "bigMinSample": "18000",
                    "bigHyst": "18000",
                    "downmigrate": "95",
                    "upmigrate": "95",
                    "downmigrate2": "95",
                    "ddrBwMax": "12000",
                    "ddrBwMin": "0",
                    "ddrLatBig": "200",
                    "uxAffinity": "0"
                },
                "sfLag": {
                    "cpuFreqMax": "14,18",
                    "cpuFreqMin": "11,15",
                    "ddrBwMin": "5000",
                    "uxAffinity": "1"
                }
            }
        },
        {
            "name": "performance",
            "note": "费电模式，保证费电的同时多一点流畅度",
            "actions": {
                "normal": {
                    "cpuFreqMax": "16,22",
                    "cpuFreqMin": "3,3",
                    "cpuOnlineMin": "2,2",
                    "littleHidelay": "18000",
                    "littleHifreq": "1200000",
                    "littleHiload": "90",
                    "littleTgload": "70 1500000:90",
                    "littleMinSample": "18000",
                    "littleHyst": "78000",
                    "bigHidelay": "18000 1800000:78000",
                    "bigHifreq": "1500000",
                    "bigHiload": "90",
                    "bigTgload": "70 1800000:95",
                    "bigMinSample": "18000",
                    "bigHyst": "18000",
                    "downmigrate": "40",
                    "upmigrate": "80",
                    "downmigrate2": "40",
                    "ddrBwMax": "12000",
                    "ddrBwMin": "5000",
                    "ddrLatBig": "400",
                    "uxAffinity": "1"
                },
                "interaction": {
                    "cpuFreqMax": "16,21",
                    "cpuFreqMin": "15,20",
                    "cpuOnlineMin": "2,2",
                    "littleHidelay": "18000",
                    "littleHifreq": "1200000",
                    "littleHiload": "90",
                    "littleTgload": "70 1500000:90",
                    "littleMinSample": "18000",
                    "littleHyst": "78000",
                    "bigHidelay": "18000 1800000:78000",
                    "bigHifreq": "1500000",
                    "bigHiload": "90",
                    "bigTgload": "70 1800000:95",
                    "bigMinSample": "18000",
                    "bigHyst": "18000",
                    "downmigrate": "40",
                    "upmigrate": "80",
                    "downmigrate2": "40",
                    "ddrBwMax": "14000",
                    "ddrBwMin": "11000",
                    "ddrLatBig": "800",
                    "uxAffinity": "1"
                },
                "heavyLoad": {
                    "cpuFreqMax": "99,99",
                    "cpuFreqMin": "10,10",
                    "cpuOnlineMin": "2,2",
                    "littleHidelay": "18000",
                    "littleHifreq": "1200000",
                    "littleHiload": "90",
                    "littleTgload": "70 1500000:90",
                    "littleMinSample": "18000",
                    "littleHyst": "78000",
                    "bigHidelay": "18000 1800000:78000",
                    "bigHifreq": "1500000",
                    "bigHiload": "90",
                    "bigTgload": "70 1800000:95",
                    "bigMinSample": "18000",
                    "bigHyst": "18000",
                    "downmigrate": "40",
                    "upmigrate": "80",
                    "downmigrate2": "40",
                    "ddrBwMax": "14000",
                    "ddrBwMin": "11000",
                    "ddrLatBig": "800",
                    "uxAffinity": "1"
                },
                "standby": {
                    "cpuFreqMax": "15,18",
                    "cpuFreqMin": "3,3",
                    "cpuOnlineMin": "1,0",
                    "littleHidelay": "18000",
                    "littleHifreq": "1000000",
                    "littleHiload": "95",
                    "littleTgload": "90",
                    "littleMinSample": "18000",
                    "littleHyst": "18000",
                    "bigHidelay": "38000",
                    "bigHifreq": "1400000",
                    "bigHiload": "95",
                    "bigTgload": "90",
                    "bigMinSample": "18000",
                    "bigHyst": "18000",
                    "downmigrate": "95",
                    "upmigrate": "95",
                    "downmigrate2": "95",
                    "ddrBwMax": "12000",
                    "ddrBwMin": "0",
                    "ddrLatBig": "200",
                    "uxAffinity": "0"
                },
                "sfLag": {
                    "cpuFreqMax": "22,24",
                    "cpuFreqMin": "21,23",
                    "ddrBwMin": "11000",
                    "uxAffinity": "1"
                }
            }
        }
    ]
}